CLM_PTCP_ID,CLM_ID,CUST_ID,CUST_TYP,PTCP_TYP
30001,1,1627,prsn,clmt
30002,1,65,busn,Insured
30003,1,1792,busn,Provider
30004,2,448,prsn,clmt
30005,2,1579,busn,Insured
30006,2,489,busn,Provider
30007,3,2033,prsn,clmt
30008,3,292,busn,Insured
30009,3,356,busn,Provider
30010,4,1616,prsn,clmt
30011,4,644,busn,Insured
30012,4,433,busn,Provider
30013,5,473,prsn,clmt
30014,5,1101,busn,Insured
30015,5,2887,busn,Provider
30016,6,1200,prsn,clmt
30017,6,847,busn,Insured
30018,6,2653,busn,Provider
30019,7,2159,prsn,clmt
30020,7,718,busn,Insured
30021,7,2524,busn,Provider
30022,8,1707,prsn,clmt
30023,8,791,busn,Insured
30024,8,923,busn,Provider
30025,9,1905,prsn,clmt
30026,9,2568,busn,Insured
30027,9,2562,busn,Provider
30028,10,1370,prsn,clmt
30029,10,1544,busn,Insured
30030,10,217,busn,Provider
30031,11,986,prsn,clmt
30032,11,2520,busn,Insured
30033,11,2533,busn,Provider
30034,12,2603,prsn,clmt
30035,12,268,busn,Insured
30036,12,534,busn,Provider
30037,13,2152,prsn,clmt
30038,13,2317,busn,Insured
30039,13,1251,busn,Provider
30040,14,1226,prsn,clmt
30041,14,1326,busn,Insured
30042,14,1972,busn,Provider
30043,15,841,prsn,clmt
30044,15,930,busn,Insured
30045,15,1815,busn,Provider
30046,16,1658,prsn,clmt
30047,16,1613,busn,Insured
30048,16,1036,busn,Provider
30049,17,804,prsn,clmt
30050,17,1320,busn,Insured
30051,17,482,busn,Provider
30052,18,152,prsn,clmt
30053,18,1554,busn,Insured
30054,18,253,busn,Provider
30055,19,1619,prsn,clmt
30056,19,2408,busn,Insured
30057,19,1787,busn,Provider
30058,20,1460,prsn,clmt
30059,20,2617,busn,Insured
30060,20,1322,busn,Provider
30061,21,1460,prsn,clmt
30062,21,261,busn,Insured
30063,21,1251,busn,Provider
30064,22,461,prsn,clmt
30065,22,2472,busn,Insured
30066,22,2824,busn,Provider
30067,23,2274,prsn,clmt
30068,23,1596,busn,Insured
30069,23,2034,busn,Provider
30070,24,1774,prsn,clmt
30071,24,1504,busn,Insured
30072,24,2456,busn,Provider
30073,25,1948,prsn,clmt
30074,25,1183,busn,Insured
30075,25,1975,busn,Provider
30076,26,2353,prsn,clmt
30077,26,1049,busn,Insured
30078,26,1338,busn,Provider
30079,27,2396,prsn,clmt
30080,27,1902,busn,Insured
30081,27,1841,busn,Provider
30082,28,2301,prsn,clmt
30083,28,292,busn,Insured
30084,28,85,busn,Provider
30085,29,107,prsn,clmt
30086,29,364,busn,Insured
30087,29,1471,busn,Provider
30088,30,864,prsn,clmt
30089,30,1112,busn,Insured
30090,30,2112,busn,Provider
30091,31,1733,prsn,clmt
30092,31,1078,busn,Insured
30093,31,165,busn,Provider
30094,32,2358,prsn,clmt
30095,32,627,busn,Insured
30096,32,1594,busn,Provider
30097,33,303,prsn,clmt
30098,33,2550,busn,Insured
30099,33,1918,busn,Provider
30100,34,2029,prsn,clmt
30101,34,1323,busn,Insured
30102,34,2298,busn,Provider
30103,35,2948,prsn,clmt
30104,35,1234,busn,Insured
30105,35,1740,busn,Provider
30106,36,2445,prsn,clmt
30107,36,836,busn,Insured
30108,36,2308,busn,Provider
30109,37,2150,prsn,clmt
30110,37,201,busn,Insured
30111,37,1129,busn,Provider
30112,38,814,prsn,clmt
30113,38,1438,busn,Insured
30114,38,360,busn,Provider
30115,39,1967,prsn,clmt
30116,39,1662,busn,Insured
30117,39,2476,busn,Provider
30118,40,788,prsn,clmt
30119,40,2025,busn,Insured
30120,40,2999,busn,Provider
30121,41,439,prsn,clmt
30122,41,2419,busn,Insured
30123,41,1715,busn,Provider
30124,42,2975,prsn,clmt
30125,42,1938,busn,Insured
30126,42,1806,busn,Provider
30127,43,1693,prsn,clmt
30128,43,2101,busn,Insured
30129,43,1748,busn,Provider
30130,44,2600,prsn,clmt
30131,44,2759,busn,Insured
30132,44,1266,busn,Provider
30133,45,2463,prsn,clmt
30134,45,2480,busn,Insured
30135,45,1341,busn,Provider
30136,46,2982,prsn,clmt
30137,46,2910,busn,Insured
30138,46,1857,busn,Provider
30139,47,2683,prsn,clmt
30140,47,2832,busn,Insured
30141,47,479,busn,Provider
30142,48,2895,prsn,clmt
30143,48,2116,busn,Insured
30144,48,550,busn,Provider
30145,49,694,prsn,clmt
30146,49,1155,busn,Insured
30147,49,720,busn,Provider
30148,50,951,prsn,clmt
30149,50,298,busn,Insured
30150,50,1299,busn,Provider
30151,51,2756,prsn,clmt
30152,51,45,busn,Insured
30153,51,41,busn,Provider
30154,52,2902,prsn,clmt
30155,52,2680,busn,Insured
30156,52,2882,busn,Provider
30157,53,2241,prsn,clmt
30158,53,49,busn,Insured
30159,53,557,busn,Provider
30160,54,2752,prsn,clmt
30161,54,1167,busn,Insured
30162,54,1954,busn,Provider
30163,55,963,prsn,clmt
30164,55,885,busn,Insured
30165,55,1542,busn,Provider
30166,56,1668,prsn,clmt
30167,56,990,busn,Insured
30168,56,377,busn,Provider
30169,57,829,prsn,clmt
30170,57,291,busn,Insured
30171,57,2019,busn,Provider
30172,58,709,prsn,clmt
30173,58,2610,busn,Insured
30174,58,2714,busn,Provider
30175,59,29,prsn,clmt
30176,59,1888,busn,Insured
30177,59,2695,busn,Provider
30178,60,765,prsn,clmt
30179,60,1088,busn,Insured
30180,60,1906,busn,Provider
30181,61,2123,prsn,clmt
30182,61,431,busn,Insured
30183,61,2499,busn,Provider
30184,62,407,prsn,clmt
30185,62,1300,busn,Insured
30186,62,2227,busn,Provider
30187,63,1897,prsn,clmt
30188,63,181,busn,Insured
30189,63,1424,busn,Provider
30190,64,2244,prsn,clmt
30191,64,1560,busn,Insured
30192,64,2855,busn,Provider
30193,65,641,prsn,clmt
30194,65,1365,busn,Insured
30195,65,657,busn,Provider
30196,66,2621,prsn,clmt
30197,66,345,busn,Insured
30198,66,855,busn,Provider
30199,67,2716,prsn,clmt
30200,67,23,busn,Insured
30201,67,1861,busn,Provider
30202,68,2742,prsn,clmt
30203,68,1884,busn,Insured
30204,68,1792,busn,Provider
30205,69,2584,prsn,clmt
30206,69,507,busn,Insured
30207,69,2691,busn,Provider
30208,70,904,prsn,clmt
30209,70,1764,busn,Insured
30210,70,2071,busn,Provider
30211,71,696,prsn,clmt
30212,71,219,busn,Insured
30213,71,1325,busn,Provider
30214,72,55,prsn,clmt
30215,72,1540,busn,Insured
30216,72,750,busn,Provider
30217,73,2039,prsn,clmt
30218,73,2195,busn,Insured
30219,73,865,busn,Provider
30220,74,696,prsn,clmt
30221,74,1382,busn,Insured
30222,74,585,busn,Provider
30223,75,1889,prsn,clmt
30224,75,2281,busn,Insured
30225,75,1645,busn,Provider
30226,76,1766,prsn,clmt
30227,76,34,busn,Insured
30228,76,1992,busn,Provider
30229,77,73,prsn,clmt
30230,77,385,busn,Insured
30231,77,2641,busn,Provider
30232,78,1419,prsn,clmt
30233,78,573,busn,Insured
30234,78,1592,busn,Provider
30235,79,2170,prsn,clmt
30236,79,2105,busn,Insured
30237,79,1159,busn,Provider
30238,80,926,prsn,clmt
30239,80,2471,busn,Insured
30240,80,313,busn,Provider
30241,81,2934,prsn,clmt
30242,81,708,busn,Insured
30243,81,1567,busn,Provider
30244,82,2148,prsn,clmt
30245,82,1955,busn,Insured
30246,82,253,busn,Provider
30247,83,208,prsn,clmt
30248,83,2096,busn,Insured
30249,83,1283,busn,Provider
30250,84,2730,prsn,clmt
30251,84,855,busn,Insured
30252,84,1993,busn,Provider
30253,85,1867,prsn,clmt
30254,85,148,busn,Insured
30255,85,2744,busn,Provider
30256,86,275,prsn,clmt
30257,86,1970,busn,Insured
30258,86,2821,busn,Provider
30259,87,2745,prsn,clmt
30260,87,1608,busn,Insured
30261,87,2529,busn,Provider
30262,88,1602,prsn,clmt
30263,88,2930,busn,Insured
30264,88,377,busn,Provider
30265,89,1797,prsn,clmt
30266,89,1165,busn,Insured
30267,89,126,busn,Provider
30268,90,30,prsn,clmt
30269,90,1157,busn,Insured
30270,90,2166,busn,Provider
30271,91,2856,prsn,clmt
30272,91,2548,busn,Insured
30273,91,1575,busn,Provider
30274,92,729,prsn,clmt
30275,92,2749,busn,Insured
30276,92,1303,busn,Provider
30277,93,300,prsn,clmt
30278,93,2800,busn,Insured
30279,93,1028,busn,Provider
30280,94,572,prsn,clmt
30281,94,557,busn,Insured
30282,94,2461,busn,Provider
30283,95,916,prsn,clmt
30284,95,1809,busn,Insured
30285,95,600,busn,Provider
30286,96,2982,prsn,clmt
30287,96,554,busn,Insured
30288,96,2800,busn,Provider
30289,97,2407,prsn,clmt
30290,97,1962,busn,Insured
30291,97,1373,busn,Provider
30292,98,1062,prsn,clmt
30293,98,2124,busn,Insured
30294,98,2483,busn,Provider
30295,99,2867,prsn,clmt
30296,99,747,busn,Insured
30297,99,1752,busn,Provider
30298,100,440,prsn,clmt
30299,100,2038,busn,Insured
30300,100,2647,busn,Provider
30301,101,2956,prsn,clmt
30302,101,1800,busn,Insured
30303,101,116,busn,Provider
30304,102,1785,prsn,clmt
30305,102,2864,busn,Insured
30306,102,2139,busn,Provider
30307,103,2189,prsn,clmt
30308,103,779,busn,Insured
30309,103,2591,busn,Provider
30310,104,607,prsn,clmt
30311,104,1302,busn,Insured
30312,104,1509,busn,Provider
30313,105,2748,prsn,clmt
30314,105,2558,busn,Insured
30315,105,1653,busn,Provider
30316,106,2447,prsn,clmt
30317,106,184,busn,Insured
30318,106,1804,busn,Provider
30319,107,246,prsn,clmt
30320,107,1552,busn,Insured
30321,107,2641,busn,Provider
30322,108,928,prsn,clmt
30323,108,2677,busn,Insured
30324,108,2585,busn,Provider
30325,109,2211,prsn,clmt
30326,109,665,busn,Insured
30327,109,515,busn,Provider
30328,110,2169,prsn,clmt
30329,110,98,busn,Insured
30330,110,1618,busn,Provider
30331,111,2021,prsn,clmt
30332,111,2586,busn,Insured
30333,111,1857,busn,Provider
30334,112,1707,prsn,clmt
30335,112,1108,busn,Insured
30336,112,117,busn,Provider
30337,113,1551,prsn,clmt
30338,113,1255,busn,Insured
30339,113,1000,busn,Provider
30340,114,277,prsn,clmt
30341,114,2744,busn,Insured
30342,114,1759,busn,Provider
30343,115,2260,prsn,clmt
30344,115,2723,busn,Insured
30345,115,2783,busn,Provider
30346,116,480,prsn,clmt
30347,116,2976,busn,Insured
30348,116,2207,busn,Provider
30349,117,1442,prsn,clmt
30350,117,1819,busn,Insured
30351,117,2790,busn,Provider
30352,118,1959,prsn,clmt
30353,118,2109,busn,Insured
30354,118,730,busn,Provider
30355,119,692,prsn,clmt
30356,119,259,busn,Insured
30357,119,2979,busn,Provider
30358,120,2545,prsn,clmt
30359,120,139,busn,Insured
30360,120,1458,busn,Provider
30361,121,1194,prsn,clmt
30362,121,40,busn,Insured
30363,121,2456,busn,Provider
30364,122,1852,prsn,clmt
30365,122,96,busn,Insured
30366,122,1860,busn,Provider
30367,123,2232,prsn,clmt
30368,123,1375,busn,Insured
30369,123,2750,busn,Provider
30370,124,2048,prsn,clmt
30371,124,2282,busn,Insured
30372,124,708,busn,Provider
30373,125,763,prsn,clmt
30374,125,2616,busn,Insured
30375,125,1386,busn,Provider
30376,126,2152,prsn,clmt
30377,126,913,busn,Insured
30378,126,2714,busn,Provider
30379,127,228,prsn,clmt
30380,127,2808,busn,Insured
30381,127,1013,busn,Provider
30382,128,502,prsn,clmt
30383,128,2636,busn,Insured
30384,128,1250,busn,Provider
30385,129,2413,prsn,clmt
30386,129,463,busn,Insured
30387,129,1661,busn,Provider
30388,130,2961,prsn,clmt
30389,130,1091,busn,Insured
30390,130,1805,busn,Provider
30391,131,857,prsn,clmt
30392,131,2527,busn,Insured
30393,131,2181,busn,Provider
30394,132,540,prsn,clmt
30395,132,2269,busn,Insured
30396,132,2420,busn,Provider
30397,133,1015,prsn,clmt
30398,133,2681,busn,Insured
30399,133,1913,busn,Provider
30400,134,1835,prsn,clmt
30401,134,1321,busn,Insured
30402,134,1689,busn,Provider
30403,135,2239,prsn,clmt
30404,135,259,busn,Insured
30405,135,2763,busn,Provider
30406,136,1238,prsn,clmt
30407,136,206,busn,Insured
30408,136,1555,busn,Provider
30409,137,397,prsn,clmt
30410,137,1924,busn,Insured
30411,137,1119,busn,Provider
30412,138,2575,prsn,clmt
30413,138,1790,busn,Insured
30414,138,2190,busn,Provider
30415,139,223,prsn,clmt
30416,139,2639,busn,Insured
30417,139,1498,busn,Provider
30418,140,562,prsn,clmt
30419,140,2419,busn,Insured
30420,140,2394,busn,Provider
30421,141,57,prsn,clmt
30422,141,2058,busn,Insured
30423,141,2695,busn,Provider
30424,142,2748,prsn,clmt
30425,142,1332,busn,Insured
30426,142,1214,busn,Provider
30427,143,2644,prsn,clmt
30428,143,1036,busn,Insured
30429,143,2625,busn,Provider
30430,144,1766,prsn,clmt
30431,144,1181,busn,Insured
30432,144,281,busn,Provider
30433,145,519,prsn,clmt
30434,145,2249,busn,Insured
30435,145,1358,busn,Provider
30436,146,1646,prsn,clmt
30437,146,1195,busn,Insured
30438,146,1324,busn,Provider
30439,147,267,prsn,clmt
30440,147,819,busn,Insured
30441,147,2059,busn,Provider
30442,148,748,prsn,clmt
30443,148,905,busn,Insured
30444,148,356,busn,Provider
30445,149,1683,prsn,clmt
30446,149,544,busn,Insured
30447,149,2783,busn,Provider
30448,150,2048,prsn,clmt
30449,150,261,busn,Insured
30450,150,2682,busn,Provider
30451,151,2348,prsn,clmt
30452,151,2295,busn,Insured
30453,151,172,busn,Provider
30454,152,1447,prsn,clmt
30455,152,2516,busn,Insured
30456,152,855,busn,Provider
30457,153,1998,prsn,clmt
30458,153,186,busn,Insured
30459,153,1886,busn,Provider
30460,154,1738,prsn,clmt
30461,154,890,busn,Insured
30462,154,2471,busn,Provider
30463,155,1095,prsn,clmt
30464,155,1665,busn,Insured
30465,155,818,busn,Provider
30466,156,713,prsn,clmt
30467,156,489,busn,Insured
30468,156,1902,busn,Provider
30469,157,671,prsn,clmt
30470,157,475,busn,Insured
30471,157,243,busn,Provider
30472,158,1462,prsn,clmt
30473,158,2646,busn,Insured
30474,158,1249,busn,Provider
30475,159,1611,prsn,clmt
30476,159,661,busn,Insured
30477,159,245,busn,Provider
30478,160,2325,prsn,clmt
30479,160,2995,busn,Insured
30480,160,2540,busn,Provider
30481,161,6,prsn,clmt
30482,161,2479,busn,Insured
30483,161,1518,busn,Provider
30484,162,1345,prsn,clmt
30485,162,335,busn,Insured
30486,162,1440,busn,Provider
30487,163,1370,prsn,clmt
30488,163,541,busn,Insured
30489,163,525,busn,Provider
30490,164,714,prsn,clmt
30491,164,721,busn,Insured
30492,164,514,busn,Provider
30493,165,2426,prsn,clmt
30494,165,1222,busn,Insured
30495,165,1008,busn,Provider
30496,166,247,prsn,clmt
30497,166,2620,busn,Insured
30498,166,2122,busn,Provider
30499,167,740,prsn,clmt
30500,167,970,busn,Insured
30501,167,768,busn,Provider
30502,168,2194,prsn,clmt
30503,168,357,busn,Insured
30504,168,2653,busn,Provider
30505,169,2850,prsn,clmt
30506,169,2483,busn,Insured
30507,169,2689,busn,Provider
30508,170,2776,prsn,clmt
30509,170,336,busn,Insured
30510,170,1613,busn,Provider
30511,171,2170,prsn,clmt
30512,171,2801,busn,Insured
30513,171,2718,busn,Provider
30514,172,339,prsn,clmt
30515,172,925,busn,Insured
30516,172,117,busn,Provider
30517,173,2167,prsn,clmt
30518,173,1426,busn,Insured
30519,173,1817,busn,Provider
30520,174,1620,prsn,clmt
30521,174,63,busn,Insured
30522,174,178,busn,Provider
30523,175,339,prsn,clmt
30524,175,2821,busn,Insured
30525,175,1209,busn,Provider
30526,176,817,prsn,clmt
30527,176,2062,busn,Insured
30528,176,1217,busn,Provider
30529,177,664,prsn,clmt
30530,177,1235,busn,Insured
30531,177,802,busn,Provider
30532,178,6,prsn,clmt
30533,178,86,busn,Insured
30534,178,250,busn,Provider
30535,179,1736,prsn,clmt
30536,179,2965,busn,Insured
30537,179,907,busn,Provider
30538,180,1120,prsn,clmt
30539,180,2219,busn,Insured
30540,180,212,busn,Provider
30541,181,1412,prsn,clmt
30542,181,424,busn,Insured
30543,181,12,busn,Provider
30544,182,1768,prsn,clmt
30545,182,1584,busn,Insured
30546,182,500,busn,Provider
30547,183,2454,prsn,clmt
30548,183,196,busn,Insured
30549,183,1108,busn,Provider
30550,184,2712,prsn,clmt
30551,184,1915,busn,Insured
30552,184,953,busn,Provider
30553,185,2582,prsn,clmt
30554,185,1534,busn,Insured
30555,185,530,busn,Provider
30556,186,936,prsn,clmt
30557,186,404,busn,Insured
30558,186,2789,busn,Provider
30559,187,1194,prsn,clmt
30560,187,383,busn,Insured
30561,187,1206,busn,Provider
30562,188,1733,prsn,clmt
30563,188,1129,busn,Insured
30564,188,750,busn,Provider
30565,189,189,prsn,clmt
30566,189,847,busn,Insured
30567,189,948,busn,Provider
30568,190,1746,prsn,clmt
30569,190,1242,busn,Insured
30570,190,693,busn,Provider
30571,191,2127,prsn,clmt
30572,191,2680,busn,Insured
30573,191,1341,busn,Provider
30574,192,1203,prsn,clmt
30575,192,1108,busn,Insured
30576,192,2887,busn,Provider
30577,193,559,prsn,clmt
30578,193,732,busn,Insured
30579,193,7,busn,Provider
30580,194,2872,prsn,clmt
30581,194,2652,busn,Insured
30582,194,756,busn,Provider
30583,195,594,prsn,clmt
30584,195,1813,busn,Insured
30585,195,263,busn,Provider
30586,196,2455,prsn,clmt
30587,196,1508,busn,Insured
30588,196,2857,busn,Provider
30589,197,1732,prsn,clmt
30590,197,943,busn,Insured
30591,197,772,busn,Provider
30592,198,1205,prsn,clmt
30593,198,145,busn,Insured
30594,198,158,busn,Provider
30595,199,828,prsn,clmt
30596,199,422,busn,Insured
30597,199,584,busn,Provider
30598,200,140,prsn,clmt
30599,200,919,busn,Insured
30600,200,2493,busn,Provider
30601,201,1624,prsn,clmt
30602,201,2436,busn,Insured
30603,201,65,busn,Provider
30604,202,2982,prsn,clmt
30605,202,472,busn,Insured
30606,202,1216,busn,Provider
30607,203,77,prsn,clmt
30608,203,1613,busn,Insured
30609,203,749,busn,Provider
30610,204,2748,prsn,clmt
30611,204,1414,busn,Insured
30612,204,243,busn,Provider
30613,205,1441,prsn,clmt
30614,205,2435,busn,Insured
30615,205,538,busn,Provider
30616,206,1745,prsn,clmt
30617,206,1323,busn,Insured
30618,206,847,busn,Provider
30619,207,2189,prsn,clmt
30620,207,1101,busn,Insured
30621,207,2198,busn,Provider
30622,208,991,prsn,clmt
30623,208,1956,busn,Insured
30624,208,1157,busn,Provider
30625,209,2612,prsn,clmt
30626,209,1339,busn,Insured
30627,209,1574,busn,Provider
30628,210,347,prsn,clmt
30629,210,2686,busn,Insured
30630,210,950,busn,Provider
30631,211,2323,prsn,clmt
30632,211,2508,busn,Insured
30633,211,546,busn,Provider
30634,212,2244,prsn,clmt
30635,212,1204,busn,Insured
30636,212,1583,busn,Provider
30637,213,2956,prsn,clmt
30638,213,116,busn,Insured
30639,213,2996,busn,Provider
30640,214,1811,prsn,clmt
30641,214,2977,busn,Insured
30642,214,472,busn,Provider
30643,215,2012,prsn,clmt
30644,215,1740,busn,Insured
30645,215,483,busn,Provider
30646,216,1674,prsn,clmt
30647,216,2550,busn,Insured
30648,216,1561,busn,Provider
30649,217,1738,prsn,clmt
30650,217,460,busn,Insured
30651,217,855,busn,Provider
30652,218,143,prsn,clmt
30653,218,2320,busn,Insured
30654,218,1268,busn,Provider
30655,219,765,prsn,clmt
30656,219,2317,busn,Insured
30657,219,666,busn,Provider
30658,220,1048,prsn,clmt
30659,220,1584,busn,Insured
30660,220,960,busn,Provider
30661,221,955,prsn,clmt
30662,221,925,busn,Insured
30663,221,969,busn,Provider
30664,222,2348,prsn,clmt
30665,222,2221,busn,Insured
30666,222,1747,busn,Provider
30667,223,1137,prsn,clmt
30668,223,2806,busn,Insured
30669,223,2389,busn,Provider
30670,224,754,prsn,clmt
30671,224,58,busn,Insured
30672,224,1643,busn,Provider
30673,225,1071,prsn,clmt
30674,225,1971,busn,Insured
30675,225,469,busn,Provider
30676,226,1847,prsn,clmt
30677,226,1292,busn,Insured
30678,226,1800,busn,Provider
30679,227,1510,prsn,clmt
30680,227,1112,busn,Insured
30681,227,1921,busn,Provider
30682,228,769,prsn,clmt
30683,228,1326,busn,Insured
30684,228,355,busn,Provider
30685,229,1279,prsn,clmt
30686,229,1810,busn,Insured
30687,229,507,busn,Provider
30688,230,1969,prsn,clmt
30689,230,2030,busn,Insured
30690,230,1508,busn,Provider
30691,231,937,prsn,clmt
30692,231,1587,busn,Insured
30693,231,2082,busn,Provider
30694,232,2741,prsn,clmt
30695,232,1090,busn,Insured
30696,232,1672,busn,Provider
30697,233,1824,prsn,clmt
30698,233,409,busn,Insured
30699,233,2034,busn,Provider
30700,234,435,prsn,clmt
30701,234,1788,busn,Insured
30702,234,1943,busn,Provider
30703,235,1693,prsn,clmt
30704,235,1155,busn,Insured
30705,235,2924,busn,Provider
30706,236,2035,prsn,clmt
30707,236,1141,busn,Insured
30708,236,1106,busn,Provider
30709,237,2572,prsn,clmt
30710,237,1886,busn,Insured
30711,237,2787,busn,Provider
30712,238,2872,prsn,clmt
30713,238,760,busn,Insured
30714,238,1428,busn,Provider
30715,239,195,prsn,clmt
30716,239,1250,busn,Insured
30717,239,2515,busn,Provider
30718,240,1182,prsn,clmt
30719,240,295,busn,Insured
30720,240,46,busn,Provider
30721,241,1907,prsn,clmt
30722,241,1506,busn,Insured
30723,241,2126,busn,Provider
30724,242,2960,prsn,clmt
30725,242,1599,busn,Insured
30726,242,2547,busn,Provider
30727,243,2223,prsn,clmt
30728,243,1389,busn,Insured
30729,243,23,busn,Provider
30730,244,2839,prsn,clmt
30731,244,2596,busn,Insured
30732,244,1946,busn,Provider
30733,245,1248,prsn,clmt
30734,245,1800,busn,Insured
30735,245,942,busn,Provider
30736,246,694,prsn,clmt
30737,246,2505,busn,Insured
30738,246,2415,busn,Provider
30739,247,1312,prsn,clmt
30740,247,259,busn,Insured
30741,247,2318,busn,Provider
30742,248,860,prsn,clmt
30743,248,2181,busn,Insured
30744,248,1960,busn,Provider
30745,249,2982,prsn,clmt
30746,249,27,busn,Insured
30747,249,2221,busn,Provider
30748,250,2270,prsn,clmt
30749,250,2631,busn,Insured
30750,250,1008,busn,Provider
30751,251,1080,prsn,clmt
30752,251,345,busn,Insured
30753,251,1699,busn,Provider
30754,252,1493,prsn,clmt
30755,252,1584,busn,Insured
30756,252,2804,busn,Provider
30757,253,1909,prsn,clmt
30758,253,527,busn,Insured
30759,253,450,busn,Provider
30760,254,619,prsn,clmt
30761,254,655,busn,Insured
30762,254,644,busn,Provider
30763,255,1033,prsn,clmt
30764,255,219,busn,Insured
30765,255,2347,busn,Provider
30766,256,1114,prsn,clmt
30767,256,1906,busn,Insured
30768,256,1078,busn,Provider
30769,257,817,prsn,clmt
30770,257,1257,busn,Insured
30771,257,2383,busn,Provider
30772,258,1061,prsn,clmt
30773,258,2780,busn,Insured
30774,258,741,busn,Provider
30775,259,248,prsn,clmt
30776,259,1775,busn,Insured
30777,259,2474,busn,Provider
30778,260,2761,prsn,clmt
30779,260,2138,busn,Insured
30780,260,2346,busn,Provider
30781,261,689,prsn,clmt
30782,261,1952,busn,Insured
30783,261,1500,busn,Provider
30784,262,1403,prsn,clmt
30785,262,1310,busn,Insured
30786,262,214,busn,Provider
30787,263,290,prsn,clmt
30788,263,2739,busn,Insured
30789,263,600,busn,Provider
30790,264,2426,prsn,clmt
30791,264,541,busn,Insured
30792,264,1144,busn,Provider
30793,265,940,prsn,clmt
30794,265,977,busn,Insured
30795,265,979,busn,Provider
30796,266,2302,prsn,clmt
30797,266,2794,busn,Insured
30798,266,2857,busn,Provider
30799,267,342,prsn,clmt
30800,267,2041,busn,Insured
30801,267,1360,busn,Provider
30802,268,2571,prsn,clmt
30803,268,2536,busn,Insured
30804,268,2823,busn,Provider
30805,269,2717,prsn,clmt
30806,269,2494,busn,Insured
30807,269,2134,busn,Provider
30808,270,2683,prsn,clmt
30809,270,93,busn,Insured
30810,270,39,busn,Provider
30811,271,1253,prsn,clmt
30812,271,97,busn,Insured
30813,271,2139,busn,Provider
30814,272,2003,prsn,clmt
30815,272,93,busn,Insured
30816,272,2809,busn,Provider
30817,273,1605,prsn,clmt
30818,273,1235,busn,Insured
30819,273,1831,busn,Provider
30820,274,2176,prsn,clmt
30821,274,295,busn,Insured
30822,274,1863,busn,Provider
30823,275,2511,prsn,clmt
30824,275,14,busn,Insured
30825,275,460,busn,Provider
30826,276,618,prsn,clmt
30827,276,2263,busn,Insured
30828,276,2590,busn,Provider
30829,277,2959,prsn,clmt
30830,277,1630,busn,Insured
30831,277,645,busn,Provider
30832,278,2322,prsn,clmt
30833,278,2424,busn,Insured
30834,278,2789,busn,Provider
30835,279,2640,prsn,clmt
30836,279,93,busn,Insured
30837,279,1637,busn,Provider
30838,280,1350,prsn,clmt
30839,280,1019,busn,Insured
30840,280,1199,busn,Provider
30841,281,68,prsn,clmt
30842,281,2076,busn,Insured
30843,281,1260,busn,Provider
30844,282,2914,prsn,clmt
30845,282,475,busn,Insured
30846,282,1628,busn,Provider
30847,283,871,prsn,clmt
30848,283,2422,busn,Insured
30849,283,2320,busn,Provider
30850,284,2212,prsn,clmt
30851,284,1396,busn,Insured
30852,284,637,busn,Provider
30853,285,290,prsn,clmt
30854,285,2677,busn,Insured
30855,285,1005,busn,Provider
30856,286,1641,prsn,clmt
30857,286,2435,busn,Insured
30858,286,2999,busn,Provider
30859,287,2451,prsn,clmt
30860,287,2514,busn,Insured
30861,287,1363,busn,Provider
30862,288,2630,prsn,clmt
30863,288,356,busn,Insured
30864,288,1433,busn,Provider
30865,289,252,prsn,clmt
30866,289,1939,busn,Insured
30867,289,1499,busn,Provider
30868,290,1616,prsn,clmt
30869,290,806,busn,Insured
30870,290,553,busn,Provider
30871,291,1976,prsn,clmt
30872,291,1236,busn,Insured
30873,291,1936,busn,Provider
30874,292,1211,prsn,clmt
30875,292,990,busn,Insured
30876,292,1512,busn,Provider
30877,293,2257,prsn,clmt
30878,293,1215,busn,Insured
30879,293,603,busn,Provider
30880,294,437,prsn,clmt
30881,294,422,busn,Insured
30882,294,872,busn,Provider
30883,295,920,prsn,clmt
30884,295,1906,busn,Insured
30885,295,2568,busn,Provider
30886,296,2286,prsn,clmt
30887,296,1787,busn,Insured
30888,296,1604,busn,Provider
30889,297,1454,prsn,clmt
30890,297,2002,busn,Insured
30891,297,1221,busn,Provider
30892,298,1029,prsn,clmt
30893,298,1552,busn,Insured
30894,298,59,busn,Provider
30895,299,2209,prsn,clmt
30896,299,558,busn,Insured
30897,299,2667,busn,Provider
30898,300,205,prsn,clmt
30899,300,644,busn,Insured
30900,300,197,busn,Provider
30901,301,376,prsn,clmt
30902,301,2083,busn,Insured
30903,301,1939,busn,Provider
30904,302,2740,prsn,clmt
30905,302,2166,busn,Insured
30906,302,2493,busn,Provider
30907,303,1958,prsn,clmt
30908,303,2166,busn,Insured
30909,303,1923,busn,Provider
30910,304,2443,prsn,clmt
30911,304,2534,busn,Insured
30912,304,42,busn,Provider
30913,305,1245,prsn,clmt
30914,305,2383,busn,Insured
30915,305,145,busn,Provider
30916,306,2222,prsn,clmt
30917,306,2394,busn,Insured
30918,306,874,busn,Provider
30919,307,2530,prsn,clmt
30920,307,2002,busn,Insured
30921,307,1859,busn,Provider
30922,308,260,prsn,clmt
30923,308,233,busn,Insured
30924,308,1180,busn,Provider
30925,309,1783,prsn,clmt
30926,309,1744,busn,Insured
30927,309,2134,busn,Provider
30928,310,89,prsn,clmt
30929,310,263,busn,Insured
30930,310,2174,busn,Provider
30931,311,2303,prsn,clmt
30932,311,369,busn,Insured
30933,311,1018,busn,Provider
30934,312,2114,prsn,clmt
30935,312,204,busn,Insured
30936,312,2713,busn,Provider
30937,313,182,prsn,clmt
30938,313,655,busn,Insured
30939,313,2834,busn,Provider
30940,314,812,prsn,clmt
30941,314,455,busn,Insured
30942,314,879,busn,Provider
30943,315,620,prsn,clmt
30944,315,798,busn,Insured
30945,315,1235,busn,Provider
30946,316,826,prsn,clmt
30947,316,1362,busn,Insured
30948,316,1275,busn,Provider
30949,317,2564,prsn,clmt
30950,317,2094,busn,Insured
30951,317,1397,busn,Provider
30952,318,2712,prsn,clmt
30953,318,1344,busn,Insured
30954,318,570,busn,Provider
30955,319,776,prsn,clmt
30956,319,1275,busn,Insured
30957,319,2475,busn,Provider
30958,320,2962,prsn,clmt
30959,320,751,busn,Insured
30960,320,405,busn,Provider
30961,321,2837,prsn,clmt
30962,321,1406,busn,Insured
30963,321,836,busn,Provider
30964,322,2940,prsn,clmt
30965,322,616,busn,Insured
30966,322,2645,busn,Provider
30967,323,1844,prsn,clmt
30968,323,1252,busn,Insured
30969,323,1634,busn,Provider
30970,324,2949,prsn,clmt
30971,324,921,busn,Insured
30972,324,1124,busn,Provider
30973,325,2045,prsn,clmt
30974,325,1235,busn,Insured
30975,325,2344,busn,Provider
30976,326,1782,prsn,clmt
30977,326,581,busn,Insured
30978,326,1479,busn,Provider
30979,327,1669,prsn,clmt
30980,327,2845,busn,Insured
30981,327,2590,busn,Provider
30982,328,125,prsn,clmt
30983,328,1016,busn,Insured
30984,328,2786,busn,Provider
30985,329,2741,prsn,clmt
30986,329,2965,busn,Insured
30987,329,2483,busn,Provider
30988,330,2148,prsn,clmt
30989,330,2557,busn,Insured
30990,330,1234,busn,Provider
30991,331,2829,prsn,clmt
30992,331,1321,busn,Insured
30993,331,566,busn,Provider
30994,332,244,prsn,clmt
30995,332,897,busn,Insured
30996,332,958,busn,Provider
30997,333,2430,prsn,clmt
30998,333,53,busn,Insured
30999,333,1720,busn,Provider
31000,334,1269,prsn,clmt
31001,334,1127,busn,Insured
31002,334,548,busn,Provider
31003,335,709,prsn,clmt
31004,335,2025,busn,Insured
31005,335,2916,busn,Provider
31006,336,392,prsn,clmt
31007,336,563,busn,Insured
31008,336,2803,busn,Provider
31009,337,456,prsn,clmt
31010,337,1132,busn,Insured
31011,337,1980,busn,Provider
31012,338,2872,prsn,clmt
31013,338,1657,busn,Insured
31014,338,1705,busn,Provider
31015,339,618,prsn,clmt
31016,339,1073,busn,Insured
31017,339,2079,busn,Provider
31018,340,909,prsn,clmt
31019,340,1480,busn,Insured
31020,340,2686,busn,Provider
31021,341,2150,prsn,clmt
31022,341,2942,busn,Insured
31023,341,2129,busn,Provider
31024,342,1442,prsn,clmt
31025,342,2332,busn,Insured
31026,342,501,busn,Provider
31027,343,1224,prsn,clmt
31028,343,2266,busn,Insured
31029,343,2906,busn,Provider
31030,344,1350,prsn,clmt
31031,344,2765,busn,Insured
31032,344,212,busn,Provider
31033,345,2382,prsn,clmt
31034,345,2219,busn,Insured
31035,345,530,busn,Provider
31036,346,1092,prsn,clmt
31037,346,81,busn,Insured
31038,346,1368,busn,Provider
31039,347,2673,prsn,clmt
31040,347,2234,busn,Insured
31041,347,1561,busn,Provider
31042,348,926,prsn,clmt
31043,348,2935,busn,Insured
31044,348,2389,busn,Provider
31045,349,389,prsn,clmt
31046,349,807,busn,Insured
31047,349,579,busn,Provider
31048,350,15,prsn,clmt
31049,350,2705,busn,Insured
31050,350,1813,busn,Provider
31051,351,2757,prsn,clmt
31052,351,545,busn,Insured
31053,351,807,busn,Provider
31054,352,677,prsn,clmt
31055,352,878,busn,Insured
31056,352,2026,busn,Provider
31057,353,437,prsn,clmt
31058,353,2295,busn,Insured
31059,353,1565,busn,Provider
31060,354,1690,prsn,clmt
31061,354,2780,busn,Insured
31062,354,1039,busn,Provider
31063,355,2525,prsn,clmt
31064,355,126,busn,Insured
31065,355,1425,busn,Provider
31066,356,1763,prsn,clmt
31067,356,2632,busn,Insured
31068,356,2100,busn,Provider
31069,357,2085,prsn,clmt
31070,357,380,busn,Insured
31071,357,977,busn,Provider
31072,358,437,prsn,clmt
31073,358,2971,busn,Insured
31074,358,204,busn,Provider
31075,359,280,prsn,clmt
31076,359,2476,busn,Insured
31077,359,2548,busn,Provider
31078,360,256,prsn,clmt
31079,360,2009,busn,Insured
31080,360,497,busn,Provider
31081,361,314,prsn,clmt
31082,361,1904,busn,Insured
31083,361,1173,busn,Provider
31084,362,1682,prsn,clmt
31085,362,497,busn,Insured
31086,362,801,busn,Provider
31087,363,1883,prsn,clmt
31088,363,1233,busn,Insured
31089,363,1942,busn,Provider
31090,364,414,prsn,clmt
31091,364,1094,busn,Insured
31092,364,707,busn,Provider
31093,365,932,prsn,clmt
31094,365,2713,busn,Insured
31095,365,806,busn,Provider
31096,366,240,prsn,clmt
31097,366,724,busn,Insured
31098,366,2755,busn,Provider
31099,367,588,prsn,clmt
31100,367,147,busn,Insured
31101,367,1923,busn,Provider
31102,368,1482,prsn,clmt
31103,368,685,busn,Insured
31104,368,453,busn,Provider
31105,369,2716,prsn,clmt
31106,369,1657,busn,Insured
31107,369,2810,busn,Provider
31108,370,2103,prsn,clmt
31109,370,2930,busn,Insured
31110,370,896,busn,Provider
31111,371,1246,prsn,clmt
31112,371,1360,busn,Insured
31113,371,259,busn,Provider
31114,372,568,prsn,clmt
31115,372,1058,busn,Insured
31116,372,112,busn,Provider
31117,373,533,prsn,clmt
31118,373,2887,busn,Insured
31119,373,475,busn,Provider
31120,374,1430,prsn,clmt
31121,374,2514,busn,Insured
31122,374,1597,busn,Provider
31123,375,2847,prsn,clmt
31124,375,1083,busn,Insured
31125,375,1242,busn,Provider
31126,376,2668,prsn,clmt
31127,376,2810,busn,Insured
31128,376,1582,busn,Provider
31129,377,142,prsn,clmt
31130,377,1367,busn,Insured
31131,377,214,busn,Provider
31132,378,1437,prsn,clmt
31133,378,93,busn,Insured
31134,378,1744,busn,Provider
31135,379,870,prsn,clmt
31136,379,2623,busn,Insured
31137,379,81,busn,Provider
31138,380,505,prsn,clmt
31139,380,2689,busn,Insured
31140,380,1291,busn,Provider
31141,381,2409,prsn,clmt
31142,381,751,busn,Insured
31143,381,1599,busn,Provider
31144,382,393,prsn,clmt
31145,382,355,busn,Insured
31146,382,585,busn,Provider
31147,383,1716,prsn,clmt
31148,383,1280,busn,Insured
31149,383,1397,busn,Provider
31150,384,1262,prsn,clmt
31151,384,215,busn,Insured
31152,384,1259,busn,Provider
31153,385,1489,prsn,clmt
31154,385,215,busn,Insured
31155,385,479,busn,Provider
31156,386,2510,prsn,clmt
31157,386,2852,busn,Insured
31158,386,438,busn,Provider
31159,387,2975,prsn,clmt
31160,387,2437,busn,Insured
31161,387,2531,busn,Provider
31162,388,2478,prsn,clmt
31163,388,640,busn,Insured
31164,388,1144,busn,Provider
31165,389,1109,prsn,clmt
31166,389,1924,busn,Insured
31167,389,1637,busn,Provider
31168,390,1262,prsn,clmt
31169,390,2524,busn,Insured
31170,390,1195,busn,Provider
31171,391,771,prsn,clmt
31172,391,2659,busn,Insured
31173,391,1376,busn,Provider
31174,392,2948,prsn,clmt
31175,392,2014,busn,Insured
31176,392,287,busn,Provider
31177,393,303,prsn,clmt
31178,393,1686,busn,Insured
31179,393,1192,busn,Provider
31180,394,1254,prsn,clmt
31181,394,379,busn,Insured
31182,394,402,busn,Provider
31183,395,863,prsn,clmt
31184,395,1494,busn,Insured
31185,395,2779,busn,Provider
31186,396,1351,prsn,clmt
31187,396,261,busn,Insured
31188,396,2706,busn,Provider
31189,397,2602,prsn,clmt
31190,397,181,busn,Insured
31191,397,2414,busn,Provider
31192,398,1198,prsn,clmt
31193,398,1888,busn,Insured
31194,398,2027,busn,Provider
31195,399,1293,prsn,clmt
31196,399,1549,busn,Insured
31197,399,1329,busn,Provider
31198,400,2748,prsn,clmt
31199,400,2681,busn,Insured
31200,400,680,busn,Provider
31201,401,2940,prsn,clmt
31202,401,690,busn,Insured
31203,401,884,busn,Provider
31204,402,2894,prsn,clmt
31205,402,1320,busn,Insured
31206,402,2790,busn,Provider
31207,403,2088,prsn,clmt
31208,403,368,busn,Insured
31209,403,1209,busn,Provider
31210,404,758,prsn,clmt
31211,404,653,busn,Insured
31212,404,287,busn,Provider
31213,405,2176,prsn,clmt
31214,405,950,busn,Insured
31215,405,708,busn,Provider
31216,406,2137,prsn,clmt
31217,406,2897,busn,Insured
31218,406,699,busn,Provider
31219,407,411,prsn,clmt
31220,407,1050,busn,Insured
31221,407,1932,busn,Provider
31222,408,1818,prsn,clmt
31223,408,1311,busn,Insured
31224,408,1654,busn,Provider
31225,409,2782,prsn,clmt
31226,409,880,busn,Insured
31227,409,2788,busn,Provider
31228,410,2561,prsn,clmt
31229,410,1129,busn,Insured
31230,410,126,busn,Provider
31231,411,350,prsn,clmt
31232,411,366,busn,Insured
31233,411,2297,busn,Provider
31234,412,738,prsn,clmt
31235,412,2187,busn,Insured
31236,412,2519,busn,Provider
31237,413,1782,prsn,clmt
31238,413,1187,busn,Insured
31239,413,2834,busn,Provider
31240,414,766,prsn,clmt
31241,414,86,busn,Insured
31242,414,454,busn,Provider
31243,415,2912,prsn,clmt
31244,415,2195,busn,Insured
31245,415,2664,busn,Provider
31246,416,2776,prsn,clmt
31247,416,1575,busn,Insured
31248,416,2415,busn,Provider
31249,417,625,prsn,clmt
31250,417,2533,busn,Insured
31251,417,984,busn,Provider
31252,418,2828,prsn,clmt
31253,418,59,busn,Insured
31254,418,1772,busn,Provider
31255,419,2827,prsn,clmt
31256,419,917,busn,Insured
31257,419,1549,busn,Provider
31258,420,2593,prsn,clmt
31259,420,199,busn,Insured
31260,420,537,busn,Provider
31261,421,2020,prsn,clmt
31262,421,2475,busn,Insured
31263,421,37,busn,Provider
31264,422,1711,prsn,clmt
31265,422,574,busn,Insured
31266,422,1665,busn,Provider
31267,423,2240,prsn,clmt
31268,423,1324,busn,Insured
31269,423,1822,busn,Provider
31270,424,2216,prsn,clmt
31271,424,19,busn,Insured
31272,424,644,busn,Provider
31273,425,2395,prsn,clmt
31274,425,2713,busn,Insured
31275,425,2751,busn,Provider
31276,426,2066,prsn,clmt
31277,426,1939,busn,Insured
31278,426,2331,busn,Provider
31279,427,2087,prsn,clmt
31280,427,2472,busn,Insured
31281,427,1581,busn,Provider
31282,428,2651,prsn,clmt
31283,428,1921,busn,Insured
31284,428,2978,busn,Provider
31285,429,2013,prsn,clmt
31286,429,877,busn,Insured
31287,429,1112,busn,Provider
31288,430,1186,prsn,clmt
31289,430,2787,busn,Insured
31290,430,570,busn,Provider
31291,431,2676,prsn,clmt
31292,431,23,busn,Insured
31293,431,1258,busn,Provider
31294,432,809,prsn,clmt
31295,432,1375,busn,Insured
31296,432,294,busn,Provider
31297,433,511,prsn,clmt
31298,433,1005,busn,Insured
31299,433,750,busn,Provider
31300,434,1588,prsn,clmt
31301,434,2227,busn,Insured
31302,434,1051,busn,Provider
31303,435,1286,prsn,clmt
31304,435,744,busn,Insured
31305,435,1989,busn,Provider
31306,436,2761,prsn,clmt
31307,436,2786,busn,Insured
31308,436,1417,busn,Provider
31309,437,304,prsn,clmt
31310,437,1689,busn,Insured
31311,437,1893,busn,Provider
31312,438,1783,prsn,clmt
31313,438,2287,busn,Insured
31314,438,749,busn,Provider
31315,439,346,prsn,clmt
31316,439,996,busn,Insured
31317,439,43,busn,Provider
31318,440,804,prsn,clmt
31319,440,230,busn,Insured
31320,440,20,busn,Provider
31321,441,2151,prsn,clmt
31322,441,31,busn,Insured
31323,441,1127,busn,Provider
31324,442,2371,prsn,clmt
31325,442,1234,busn,Insured
31326,442,1651,busn,Provider
31327,443,239,prsn,clmt
31328,443,2364,busn,Insured
31329,443,1222,busn,Provider
31330,444,1041,prsn,clmt
31331,444,430,busn,Insured
31332,444,2590,busn,Provider
31333,445,451,prsn,clmt
31334,445,2139,busn,Insured
31335,445,369,busn,Provider
31336,446,1,prsn,clmt
31337,446,719,busn,Insured
31338,446,165,busn,Provider
31339,447,373,prsn,clmt
31340,447,2913,busn,Insured
31341,447,2817,busn,Provider
31342,448,35,prsn,clmt
31343,448,2920,busn,Insured
31344,448,1826,busn,Provider
31345,449,2608,prsn,clmt
31346,449,1911,busn,Insured
31347,449,1112,busn,Provider
31348,450,524,prsn,clmt
31349,450,1501,busn,Insured
31350,450,2078,busn,Provider
31351,451,1103,prsn,clmt
31352,451,126,busn,Insured
31353,451,708,busn,Provider
31354,452,505,prsn,clmt
31355,452,253,busn,Insured
31356,452,1952,busn,Provider
31357,453,2805,prsn,clmt
31358,453,1387,busn,Insured
31359,453,1091,busn,Provider
31360,454,127,prsn,clmt
31361,454,1476,busn,Insured
31362,454,1583,busn,Provider
31363,455,2348,prsn,clmt
31364,455,199,busn,Insured
31365,455,1433,busn,Provider
31366,456,130,prsn,clmt
31367,456,2344,busn,Insured
31368,456,1010,busn,Provider
31369,457,949,prsn,clmt
31370,457,2306,busn,Insured
31371,457,2424,busn,Provider
31372,458,1729,prsn,clmt
31373,458,2280,busn,Insured
31374,458,1950,busn,Provider
31375,459,1474,prsn,clmt
31376,459,1209,busn,Insured
31377,459,1003,busn,Provider
31378,460,784,prsn,clmt
31379,460,622,busn,Insured
31380,460,2190,busn,Provider
31381,461,1095,prsn,clmt
31382,461,1546,busn,Insured
31383,461,880,busn,Provider
31384,462,67,prsn,clmt
31385,462,2174,busn,Insured
31386,462,1358,busn,Provider
31387,463,784,prsn,clmt
31388,463,2350,busn,Insured
31389,463,2789,busn,Provider
31390,464,635,prsn,clmt
31391,464,497,busn,Insured
31392,464,2813,busn,Provider
31393,465,1566,prsn,clmt
31394,465,1038,busn,Insured
31395,465,2282,busn,Provider
31396,466,2546,prsn,clmt
31397,466,1223,busn,Insured
31398,466,2062,busn,Provider
31399,467,1082,prsn,clmt
31400,467,2657,busn,Insured
31401,467,406,busn,Provider
31402,468,2418,prsn,clmt
31403,468,2681,busn,Insured
31404,468,2410,busn,Provider
31405,469,2294,prsn,clmt
31406,469,2860,busn,Insured
31407,469,2910,busn,Provider
31408,470,1558,prsn,clmt
31409,470,2999,busn,Insured
31410,470,1130,busn,Provider
31411,471,1741,prsn,clmt
31412,471,2297,busn,Insured
31413,471,101,busn,Provider
31414,472,462,prsn,clmt
31415,472,2179,busn,Insured
31416,472,2047,busn,Provider
31417,473,2756,prsn,clmt
31418,473,216,busn,Insured
31419,473,1702,busn,Provider
31420,474,2619,prsn,clmt
31421,474,93,busn,Insured
31422,474,1918,busn,Provider
31423,475,2938,prsn,clmt
31424,475,345,busn,Insured
31425,475,884,busn,Provider
31426,476,728,prsn,clmt
31427,476,266,busn,Insured
31428,476,1849,busn,Provider
31429,477,2563,prsn,clmt
31430,477,862,busn,Insured
31431,477,2096,busn,Provider
31432,478,1271,prsn,clmt
31433,478,72,busn,Insured
31434,478,992,busn,Provider
31435,479,76,prsn,clmt
31436,479,2091,busn,Insured
31437,479,2271,busn,Provider
31438,480,825,prsn,clmt
31439,480,2462,busn,Insured
31440,480,1565,busn,Provider
31441,481,1095,prsn,clmt
31442,481,472,busn,Insured
31443,481,1584,busn,Provider
31444,482,654,prsn,clmt
31445,482,2067,busn,Insured
31446,482,884,busn,Provider
31447,483,1818,prsn,clmt
31448,483,317,busn,Insured
31449,483,1070,busn,Provider
31450,484,1364,prsn,clmt
31451,484,2722,busn,Insured
31452,484,2366,busn,Provider
31453,485,327,prsn,clmt
31454,485,960,busn,Insured
31455,485,1302,busn,Provider
31456,486,849,prsn,clmt
31457,486,785,busn,Insured
31458,486,2144,busn,Provider
31459,487,1412,prsn,clmt
31460,487,1547,busn,Insured
31461,487,897,busn,Provider
31462,488,1496,prsn,clmt
31463,488,1336,busn,Insured
31464,488,261,busn,Provider
31465,489,1723,prsn,clmt
31466,489,1952,busn,Insured
31467,489,2749,busn,Provider
31468,490,652,prsn,clmt
31469,490,2000,busn,Insured
31470,490,234,busn,Provider
31471,491,1411,prsn,clmt
31472,491,2437,busn,Insured
31473,491,879,busn,Provider
31474,492,662,prsn,clmt
31475,492,7,busn,Insured
31476,492,1357,busn,Provider
31477,493,1745,prsn,clmt
31478,493,1178,busn,Insured
31479,493,2181,busn,Provider
31480,494,658,prsn,clmt
31481,494,2397,busn,Insured
31482,494,661,busn,Provider
31483,495,2045,prsn,clmt
31484,495,2457,busn,Insured
31485,495,2830,busn,Provider
31486,496,1012,prsn,clmt
31487,496,1507,busn,Insured
31488,496,1697,busn,Provider
31489,497,465,prsn,clmt
31490,497,358,busn,Insured
31491,497,665,busn,Provider
31492,498,2021,prsn,clmt
31493,498,2980,busn,Insured
31494,498,2930,busn,Provider
31495,499,828,prsn,clmt
31496,499,892,busn,Insured
31497,499,770,busn,Provider
31498,500,2578,prsn,clmt
31499,500,779,busn,Insured
31500,500,2590,busn,Provider
31501,501,338,prsn,clmt
31502,501,2347,busn,Insured
31503,501,1018,busn,Provider
31504,502,2612,prsn,clmt
31505,502,2163,busn,Insured
31506,502,116,busn,Provider
31507,503,110,prsn,clmt
31508,503,2788,busn,Insured
31509,503,166,busn,Provider
31510,504,2998,prsn,clmt
31511,504,8,busn,Insured
31512,504,1523,busn,Provider
31513,505,1293,prsn,clmt
31514,505,1904,busn,Insured
31515,505,2422,busn,Provider
31516,506,850,prsn,clmt
31517,506,2814,busn,Insured
31518,506,220,busn,Provider
31519,507,2446,prsn,clmt
31520,507,2482,busn,Insured
31521,507,268,busn,Provider
31522,508,2556,prsn,clmt
31523,508,612,busn,Insured
31524,508,416,busn,Provider
31525,509,1185,prsn,clmt
31526,509,1159,busn,Insured
31527,509,99,busn,Provider
31528,510,2982,prsn,clmt
31529,510,1045,busn,Insured
31530,510,27,busn,Provider
31531,511,2894,prsn,clmt
31532,511,214,busn,Insured
31533,511,1893,busn,Provider
31534,512,1075,prsn,clmt
31535,512,2135,busn,Insured
31536,512,2287,busn,Provider
31537,513,2628,prsn,clmt
31538,513,193,busn,Insured
31539,513,680,busn,Provider
31540,514,1646,prsn,clmt
31541,514,971,busn,Insured
31542,514,2617,busn,Provider
31543,515,776,prsn,clmt
31544,515,566,busn,Insured
31545,515,2210,busn,Provider
31546,516,1957,prsn,clmt
31547,516,1594,busn,Insured
31548,516,455,busn,Provider
31549,517,2992,prsn,clmt
31550,517,1218,busn,Insured
31551,517,2192,busn,Provider
31552,518,727,prsn,clmt
31553,518,401,busn,Insured
31554,518,960,busn,Provider
31555,519,989,prsn,clmt
31556,519,1005,busn,Insured
31557,519,2183,busn,Provider
31558,520,1847,prsn,clmt
31559,520,1502,busn,Insured
31560,520,2086,busn,Provider
31561,521,1959,prsn,clmt
31562,521,243,busn,Insured
31563,521,2581,busn,Provider
31564,522,2313,prsn,clmt
31565,522,1130,busn,Insured
31566,522,381,busn,Provider
31567,523,561,prsn,clmt
31568,523,1916,busn,Insured
31569,523,2559,busn,Provider
31570,524,1724,prsn,clmt
31571,524,2609,busn,Insured
31572,524,1559,busn,Provider
31573,525,2503,prsn,clmt
31574,525,336,busn,Insured
31575,525,253,busn,Provider
31576,526,1771,prsn,clmt
31577,526,1965,busn,Insured
31578,526,751,busn,Provider
31579,527,1851,prsn,clmt
31580,527,1599,busn,Insured
31581,527,1266,busn,Provider
31582,528,2756,prsn,clmt
31583,528,1417,busn,Insured
31584,528,2667,busn,Provider
31585,529,2902,prsn,clmt
31586,529,1980,busn,Insured
31587,529,2581,busn,Provider
31588,530,610,prsn,clmt
31589,530,1632,busn,Insured
31590,530,2660,busn,Provider
31591,531,2357,prsn,clmt
31592,531,483,busn,Insured
31593,531,2139,busn,Provider
31594,532,2886,prsn,clmt
31595,532,1938,busn,Insured
31596,532,1917,busn,Provider
31597,533,1041,prsn,clmt
31598,533,23,busn,Insured
31599,533,1250,busn,Provider
31600,534,2874,prsn,clmt
31601,534,2968,busn,Insured
31602,534,984,busn,Provider
31603,535,1475,prsn,clmt
31604,535,1124,busn,Insured
31605,535,1952,busn,Provider
31606,536,2032,prsn,clmt
31607,536,481,busn,Insured
31608,536,2124,busn,Provider
31609,537,449,prsn,clmt
31610,537,2207,busn,Insured
31611,537,2723,busn,Provider
31612,538,1402,prsn,clmt
31613,538,268,busn,Insured
31614,538,2666,busn,Provider
31615,539,1629,prsn,clmt
31616,539,1697,busn,Insured
31617,539,93,busn,Provider
31618,540,900,prsn,clmt
31619,540,1122,busn,Insured
31620,540,2674,busn,Provider
31621,541,2438,prsn,clmt
31622,541,1935,busn,Insured
31623,541,983,busn,Provider
31624,542,2578,prsn,clmt
31625,542,2639,busn,Insured
31626,542,2516,busn,Provider
31627,543,2589,prsn,clmt
31628,543,348,busn,Insured
31629,543,2174,busn,Provider
31630,544,805,prsn,clmt
31631,544,1373,busn,Insured
31632,544,2262,busn,Provider
31633,545,1203,prsn,clmt
31634,545,417,busn,Insured
31635,545,2885,busn,Provider
31636,546,142,prsn,clmt
31637,546,2373,busn,Insured
31638,546,479,busn,Provider
31639,547,329,prsn,clmt
31640,547,1886,busn,Insured
31641,547,1278,busn,Provider
31642,548,1880,prsn,clmt
31643,548,942,busn,Insured
31644,548,1324,busn,Provider
31645,549,2651,prsn,clmt
31646,549,1199,busn,Insured
31647,549,1939,busn,Provider
31648,550,1474,prsn,clmt
31649,550,2450,busn,Insured
31650,550,690,busn,Provider
31651,551,1725,prsn,clmt
31652,551,2504,busn,Insured
31653,551,81,busn,Provider
31654,552,1348,prsn,clmt
31655,552,2557,busn,Insured
31656,552,369,busn,Provider
31657,553,1492,prsn,clmt
31658,553,1065,busn,Insured
31659,553,2794,busn,Provider
31660,554,382,prsn,clmt
31661,554,1587,busn,Insured
31662,554,2318,busn,Provider
31663,555,2828,prsn,clmt
31664,555,2019,busn,Insured
31665,555,2664,busn,Provider
31666,556,22,prsn,clmt
31667,556,2107,busn,Insured
31668,556,2195,busn,Provider
31669,557,2473,prsn,clmt
31670,557,2942,busn,Insured
31671,557,1209,busn,Provider
31672,558,2363,prsn,clmt
31673,558,1159,busn,Insured
31674,558,2661,busn,Provider
31675,559,2272,prsn,clmt
31676,559,2516,busn,Insured
31677,559,41,busn,Provider
31678,560,944,prsn,clmt
31679,560,2623,busn,Insured
31680,560,154,busn,Provider
31681,561,949,prsn,clmt
31682,561,308,busn,Insured
31683,561,952,busn,Provider
31684,562,2622,prsn,clmt
31685,562,584,busn,Insured
31686,562,876,busn,Provider
31687,563,161,prsn,clmt
31688,563,2091,busn,Insured
31689,563,1397,busn,Provider
31690,564,67,prsn,clmt
31691,564,2053,busn,Insured
31692,564,1822,busn,Provider
31693,565,1930,prsn,clmt
31694,565,549,busn,Insured
31695,565,484,busn,Provider
31696,566,2643,prsn,clmt
31697,566,674,busn,Insured
31698,566,785,busn,Provider
31699,567,426,prsn,clmt
31700,567,2466,busn,Insured
31701,567,634,busn,Provider
31702,568,130,prsn,clmt
31703,568,1861,busn,Insured
31704,568,1680,busn,Provider
31705,569,1920,prsn,clmt
31706,569,1206,busn,Insured
31707,569,2038,busn,Provider
31708,570,1135,prsn,clmt
31709,570,2381,busn,Insured
31710,570,975,busn,Provider
31711,571,503,prsn,clmt
31712,571,896,busn,Insured
31713,571,1222,busn,Provider
31714,572,882,prsn,clmt
31715,572,1987,busn,Insured
31716,572,2311,busn,Provider
31717,573,639,prsn,clmt
31718,573,2112,busn,Insured
31719,573,117,busn,Provider
31720,574,1733,prsn,clmt
31721,574,596,busn,Insured
31722,574,2567,busn,Provider
31723,575,301,prsn,clmt
31724,575,2141,busn,Insured
31725,575,695,busn,Provider
31726,576,1026,prsn,clmt
31727,576,1647,busn,Insured
31728,576,2052,busn,Provider
31729,577,2286,prsn,clmt
31730,577,154,busn,Insured
31731,577,2519,busn,Provider
31732,578,1095,prsn,clmt
31733,578,469,busn,Insured
31734,578,63,busn,Provider
31735,579,64,prsn,clmt
31736,579,2906,busn,Insured
31737,579,1546,busn,Provider
31738,580,2901,prsn,clmt
31739,580,581,busn,Insured
31740,580,2518,busn,Provider
31741,581,88,prsn,clmt
31742,581,394,busn,Insured
31743,581,2129,busn,Provider
31744,582,1799,prsn,clmt
31745,582,2915,busn,Insured
31746,582,1003,busn,Provider
31747,583,94,prsn,clmt
31748,583,2537,busn,Insured
31749,583,333,busn,Provider
31750,584,1201,prsn,clmt
31751,584,1056,busn,Insured
31752,584,1251,busn,Provider
31753,585,2042,prsn,clmt
31754,585,2202,busn,Insured
31755,585,1961,busn,Provider
31756,586,276,prsn,clmt
31757,586,1429,busn,Insured
31758,586,707,busn,Provider
31759,587,664,prsn,clmt
31760,587,2464,busn,Insured
31761,587,1292,busn,Provider
31762,588,2279,prsn,clmt
31763,588,2991,busn,Insured
31764,588,2381,busn,Provider
31765,589,119,prsn,clmt
31766,589,600,busn,Insured
31767,589,291,busn,Provider
31768,590,1765,prsn,clmt
31769,590,1458,busn,Insured
31770,590,1630,busn,Provider
31771,591,540,prsn,clmt
31772,591,507,busn,Insured
31773,591,2610,busn,Provider
31774,592,1890,prsn,clmt
31775,592,1583,busn,Insured
31776,592,2924,busn,Provider
31777,593,776,prsn,clmt
31778,593,2319,busn,Insured
31779,593,1252,busn,Provider
31780,594,1852,prsn,clmt
31781,594,1487,busn,Insured
31782,594,1310,busn,Provider
31783,595,2730,prsn,clmt
31784,595,2845,busn,Insured
31785,595,1764,busn,Provider
31786,596,2023,prsn,clmt
31787,596,1554,busn,Insured
31788,596,2884,busn,Provider
31789,597,218,prsn,clmt
31790,597,14,busn,Insured
31791,597,822,busn,Provider
31792,598,2501,prsn,clmt
31793,598,2636,busn,Insured
31794,598,2166,busn,Provider
31795,599,2992,prsn,clmt
31796,599,2726,busn,Insured
31797,599,361,busn,Provider
31798,600,1621,prsn,clmt
31799,600,233,busn,Insured
31800,600,1077,busn,Provider
31801,601,2651,prsn,clmt
31802,601,545,busn,Insured
31803,601,209,busn,Provider
31804,602,547,prsn,clmt
31805,602,2414,busn,Insured
31806,602,2864,busn,Provider
31807,603,75,prsn,clmt
31808,603,1469,busn,Insured
31809,603,1007,busn,Provider
31810,604,2992,prsn,clmt
31811,604,867,busn,Insured
31812,604,845,busn,Provider
31813,605,1765,prsn,clmt
31814,605,1097,busn,Insured
31815,605,1972,busn,Provider
31816,606,1449,prsn,clmt
31817,606,2027,busn,Insured
31818,606,2026,busn,Provider
31819,607,1027,prsn,clmt
31820,607,1603,busn,Insured
31821,607,1575,busn,Provider
31822,608,252,prsn,clmt
31823,608,2707,busn,Insured
31824,608,1113,busn,Provider
31825,609,218,prsn,clmt
31826,609,46,busn,Insured
31827,609,466,busn,Provider
31828,610,2503,prsn,clmt
31829,610,2026,busn,Insured
31830,610,2227,busn,Provider
31831,611,1683,prsn,clmt
31832,611,2178,busn,Insured
31833,611,984,busn,Provider
31834,612,2406,prsn,clmt
31835,612,2030,busn,Insured
31836,612,1978,busn,Provider
31837,613,24,prsn,clmt
31838,613,574,busn,Insured
31839,613,1776,busn,Provider
31840,614,1591,prsn,clmt
31841,614,2531,busn,Insured
31842,614,230,busn,Provider
31843,615,618,prsn,clmt
31844,615,942,busn,Insured
31845,615,695,busn,Provider
31846,616,311,prsn,clmt
31847,616,1440,busn,Insured
31848,616,2192,busn,Provider
31849,617,1606,prsn,clmt
31850,617,1906,busn,Insured
31851,617,2665,busn,Provider
31852,618,223,prsn,clmt
31853,618,1962,busn,Insured
31854,618,518,busn,Provider
31855,619,1541,prsn,clmt
31856,619,1333,busn,Insured
31857,619,1255,busn,Provider
31858,620,2197,prsn,clmt
31859,620,2488,busn,Insured
31860,620,2732,busn,Provider
31861,621,1355,prsn,clmt
31862,621,2647,busn,Insured
31863,621,1121,busn,Provider
31864,622,1314,prsn,clmt
31865,622,2282,busn,Insured
31866,622,2444,busn,Provider
31867,623,676,prsn,clmt
31868,623,1701,busn,Insured
31869,623,1263,busn,Provider
31870,624,183,prsn,clmt
31871,624,2989,busn,Insured
31872,624,1414,busn,Provider
31873,625,1118,prsn,clmt
31874,625,1303,busn,Insured
31875,625,907,busn,Provider
31876,626,2283,prsn,clmt
31877,626,1234,busn,Insured
31878,626,2377,busn,Provider
31879,627,746,prsn,clmt
31880,627,335,busn,Insured
31881,627,650,busn,Provider
31882,628,2784,prsn,clmt
31883,628,2614,busn,Insured
31884,628,2052,busn,Provider
31885,629,1137,prsn,clmt
31886,629,2130,busn,Insured
31887,629,1720,busn,Provider
31888,630,1853,prsn,clmt
31889,630,1341,busn,Insured
31890,630,1608,busn,Provider
31891,631,248,prsn,clmt
31892,631,2140,busn,Insured
31893,631,653,busn,Provider
31894,632,2418,prsn,clmt
31895,632,1060,busn,Insured
31896,632,1141,busn,Provider
31897,633,1998,prsn,clmt
31898,633,1356,busn,Insured
31899,633,340,busn,Provider
31900,634,1783,prsn,clmt
31901,634,2000,busn,Insured
31902,634,1936,busn,Provider
31903,635,2315,prsn,clmt
31904,635,2271,busn,Insured
31905,635,2823,busn,Provider
31906,636,839,prsn,clmt
31907,636,255,busn,Insured
31908,636,2623,busn,Provider
31909,637,1721,prsn,clmt
31910,637,355,busn,Insured
31911,637,2537,busn,Provider
31912,638,1254,prsn,clmt
31913,638,324,busn,Insured
31914,638,2793,busn,Provider
31915,639,2858,prsn,clmt
31916,639,1992,busn,Insured
31917,639,2282,busn,Provider
31918,640,2816,prsn,clmt
31919,640,1261,busn,Insured
31920,640,333,busn,Provider
31921,641,213,prsn,clmt
31922,641,1578,busn,Insured
31923,641,876,busn,Provider
31924,642,2365,prsn,clmt
31925,642,23,busn,Insured
31926,642,2700,busn,Provider
31927,643,2716,prsn,clmt
31928,643,2183,busn,Insured
31929,643,543,busn,Provider
31930,644,2074,prsn,clmt
31931,644,38,busn,Insured
31932,644,1228,busn,Provider
31933,645,1949,prsn,clmt
31934,645,822,busn,Insured
31935,645,1960,busn,Provider
31936,646,963,prsn,clmt
31937,646,905,busn,Insured
31938,646,1892,busn,Provider
31939,647,1443,prsn,clmt
31940,647,11,busn,Insured
31941,647,2297,busn,Provider
31942,648,464,prsn,clmt
31943,648,1363,busn,Insured
31944,648,2000,busn,Provider
31945,649,239,prsn,clmt
31946,649,1696,busn,Insured
31947,649,2327,busn,Provider
31948,650,2231,prsn,clmt
31949,650,2814,busn,Insured
31950,650,2135,busn,Provider
31951,651,1029,prsn,clmt
31952,651,1697,busn,Insured
31953,651,285,busn,Provider
31954,652,2240,prsn,clmt
31955,652,156,busn,Insured
31956,652,1647,busn,Provider
31957,653,1835,prsn,clmt
31958,653,992,busn,Insured
31959,653,2515,busn,Provider
31960,654,1830,prsn,clmt
31961,654,1028,busn,Insured
31962,654,875,busn,Provider
31963,655,502,prsn,clmt
31964,655,2421,busn,Insured
31965,655,2359,busn,Provider
31966,656,2258,prsn,clmt
31967,656,455,busn,Insured
31968,656,144,busn,Provider
31969,657,2877,prsn,clmt
31970,657,234,busn,Insured
31971,657,1923,busn,Provider
31972,658,2704,prsn,clmt
31973,658,764,busn,Insured
31974,658,2300,busn,Provider
31975,659,349,prsn,clmt
31976,659,2507,busn,Insured
31977,659,1955,busn,Provider
31978,660,2313,prsn,clmt
31979,660,2019,busn,Insured
31980,660,807,busn,Provider
31981,661,1089,prsn,clmt
31982,661,1505,busn,Insured
31983,661,2755,busn,Provider
31984,662,2649,prsn,clmt
31985,662,566,busn,Insured
31986,662,145,busn,Provider
31987,663,782,prsn,clmt
31988,663,46,busn,Insured
31989,663,116,busn,Provider
31990,664,2276,prsn,clmt
31991,664,1167,busn,Insured
31992,664,2385,busn,Provider
31993,665,2571,prsn,clmt
31994,665,2218,busn,Insured
31995,665,45,busn,Provider
31996,666,1202,prsn,clmt
31997,666,1521,busn,Insured
31998,666,570,busn,Provider
31999,667,1225,prsn,clmt
32000,667,271,busn,Insured
32001,667,1518,busn,Provider
32002,668,236,prsn,clmt
32003,668,2522,busn,Insured
32004,668,181,busn,Provider
32005,669,2708,prsn,clmt
32006,669,2441,busn,Insured
32007,669,422,busn,Provider
32008,670,392,prsn,clmt
32009,670,1603,busn,Insured
32010,670,2073,busn,Provider
32011,671,191,prsn,clmt
32012,671,1097,busn,Insured
32013,671,634,busn,Provider
32014,672,2709,prsn,clmt
32015,672,2532,busn,Insured
32016,672,1058,busn,Provider
32017,673,2764,prsn,clmt
32018,673,2667,busn,Insured
32019,673,1008,busn,Provider
32020,674,2883,prsn,clmt
32021,674,938,busn,Insured
32022,674,2492,busn,Provider
32023,675,1473,prsn,clmt
32024,675,1861,busn,Insured
32025,675,919,busn,Provider
32026,676,1175,prsn,clmt
32027,676,866,busn,Insured
32028,676,2262,busn,Provider
32029,677,2445,prsn,clmt
32030,677,2140,busn,Insured
32031,677,2695,busn,Provider
32032,678,1347,prsn,clmt
32033,678,913,busn,Insured
32034,678,1487,busn,Provider
32035,679,929,prsn,clmt
32036,679,1070,busn,Insured
32037,679,354,busn,Provider
32038,680,1758,prsn,clmt
32039,680,1157,busn,Insured
32040,680,1197,busn,Provider
32041,681,2899,prsn,clmt
32042,681,656,busn,Insured
32043,681,381,busn,Provider
32044,682,2484,prsn,clmt
32045,682,385,busn,Insured
32046,682,370,busn,Provider
32047,683,1908,prsn,clmt
32048,683,2450,busn,Insured
32049,683,2238,busn,Provider
32050,684,846,prsn,clmt
32051,684,1893,busn,Insured
32052,684,2857,busn,Provider
32053,685,1491,prsn,clmt
32054,685,2107,busn,Insured
32055,685,1272,busn,Provider
32056,686,1738,prsn,clmt
32057,686,1310,busn,Insured
32058,686,63,busn,Provider
32059,687,1957,prsn,clmt
32060,687,2280,busn,Insured
32061,687,370,busn,Provider
32062,688,985,prsn,clmt
32063,688,2747,busn,Insured
32064,688,2528,busn,Provider
32065,689,461,prsn,clmt
32066,689,1046,busn,Insured
32067,689,992,busn,Provider
32068,690,1830,prsn,clmt
32069,690,2551,busn,Insured
32070,690,845,busn,Provider
32071,691,2042,prsn,clmt
32072,691,1534,busn,Insured
32073,691,115,busn,Provider
32074,692,1271,prsn,clmt
32075,692,1136,busn,Insured
32076,692,2913,busn,Provider
32077,693,1253,prsn,clmt
32078,693,2646,busn,Insured
32079,693,468,busn,Provider
32080,694,78,prsn,clmt
32081,694,2249,busn,Insured
32082,694,354,busn,Provider
32083,695,2941,prsn,clmt
32084,695,172,busn,Insured
32085,695,1325,busn,Provider
32086,696,2239,prsn,clmt
32087,696,854,busn,Insured
32088,696,2435,busn,Provider
32089,697,1683,prsn,clmt
32090,697,2783,busn,Insured
32091,697,1352,busn,Provider
32092,698,533,prsn,clmt
32093,698,1096,busn,Insured
32094,698,1651,busn,Provider
32095,699,24,prsn,clmt
32096,699,1819,busn,Insured
32097,699,93,busn,Provider
32098,700,694,prsn,clmt
32099,700,2198,busn,Insured
32100,700,749,busn,Provider
32101,701,1400,prsn,clmt
32102,701,1978,busn,Insured
32103,701,356,busn,Provider
32104,702,2888,prsn,clmt
32105,702,483,busn,Insured
32106,702,2808,busn,Provider
32107,703,1889,prsn,clmt
32108,703,1078,busn,Insured
32109,703,1860,busn,Provider
32110,704,2354,prsn,clmt
32111,704,772,busn,Insured
32112,704,1544,busn,Provider
32113,705,1415,prsn,clmt
32114,705,418,busn,Insured
32115,705,2727,busn,Provider
32116,706,2564,prsn,clmt
32117,706,2031,busn,Insured
32118,706,2161,busn,Provider
32119,707,363,prsn,clmt
32120,707,1287,busn,Insured
32121,707,1681,busn,Provider
32122,708,2188,prsn,clmt
32123,708,917,busn,Insured
32124,708,2777,busn,Provider
32125,709,1930,prsn,clmt
32126,709,783,busn,Insured
32127,709,112,busn,Provider
32128,710,2099,prsn,clmt
32129,710,2520,busn,Insured
32130,710,2749,busn,Provider
32131,711,1472,prsn,clmt
32132,711,655,busn,Insured
32133,711,2483,busn,Provider
32134,712,2826,prsn,clmt
32135,712,1983,busn,Insured
32136,712,1980,busn,Provider
32137,713,297,prsn,clmt
32138,713,2289,busn,Insured
32139,713,44,busn,Provider
32140,714,1281,prsn,clmt
32141,714,968,busn,Insured
32142,714,70,busn,Provider
32143,715,1269,prsn,clmt
32144,715,2086,busn,Insured
32145,715,1161,busn,Provider
32146,716,2668,prsn,clmt
32147,716,685,busn,Insured
32148,716,469,busn,Provider
32149,717,2553,prsn,clmt
32150,717,1965,busn,Insured
32151,717,2377,busn,Provider
32152,718,2728,prsn,clmt
32153,718,281,busn,Insured
32154,718,2936,busn,Provider
32155,719,757,prsn,clmt
32156,719,2707,busn,Insured
32157,719,1352,busn,Provider
32158,720,1930,prsn,clmt
32159,720,362,busn,Insured
32160,720,2493,busn,Provider
32161,721,2252,prsn,clmt
32162,721,2346,busn,Insured
32163,721,2671,busn,Provider
32164,722,87,prsn,clmt
32165,722,2493,busn,Insured
32166,722,957,busn,Provider
32167,723,1797,prsn,clmt
32168,723,1334,busn,Insured
32169,723,947,busn,Provider
32170,724,1372,prsn,clmt
32171,724,490,busn,Insured
32172,724,1144,busn,Provider
32173,725,1151,prsn,clmt
32174,725,2658,busn,Insured
32175,725,2866,busn,Provider
32176,726,1309,prsn,clmt
32177,726,972,busn,Insured
32178,726,1950,busn,Provider
32179,727,1682,prsn,clmt
32180,727,1356,busn,Insured
32181,727,720,busn,Provider
32182,728,2602,prsn,clmt
32183,728,160,busn,Insured
32184,728,2306,busn,Provider
32185,729,2704,prsn,clmt
32186,729,960,busn,Insured
32187,729,1665,busn,Provider
32188,730,2147,prsn,clmt
32189,730,354,busn,Insured
32190,730,453,busn,Provider
32191,731,561,prsn,clmt
32192,731,2531,busn,Insured
32193,731,2027,busn,Provider
32194,732,2511,prsn,clmt
32195,732,2508,busn,Insured
32196,732,2059,busn,Provider
32197,733,2294,prsn,clmt
32198,733,783,busn,Insured
32199,733,514,busn,Provider
32200,734,2382,prsn,clmt
32201,734,2476,busn,Insured
32202,734,2280,busn,Provider
32203,735,1298,prsn,clmt
32204,735,2059,busn,Insured
32205,735,51,busn,Provider
32206,736,1874,prsn,clmt
32207,736,19,busn,Insured
32208,736,1892,busn,Provider
32209,737,2365,prsn,clmt
32210,737,1628,busn,Insured
32211,737,2052,busn,Provider
32212,738,993,prsn,clmt
32213,738,2591,busn,Insured
32214,738,2414,busn,Provider
32215,739,2921,prsn,clmt
32216,739,1022,busn,Insured
32217,739,2800,busn,Provider
32218,740,955,prsn,clmt
32219,740,1467,busn,Insured
32220,740,2061,busn,Provider
32221,741,1606,prsn,clmt
32222,741,958,busn,Insured
32223,741,2943,busn,Provider
32224,742,2769,prsn,clmt
32225,742,2089,busn,Insured
32226,742,2385,busn,Provider
32227,743,1120,prsn,clmt
32228,743,1760,busn,Insured
32229,743,1424,busn,Provider
32230,744,1721,prsn,clmt
32231,744,874,busn,Insured
32232,744,779,busn,Provider
32233,745,767,prsn,clmt
32234,745,632,busn,Insured
32235,745,250,busn,Provider
32236,746,428,prsn,clmt
32237,746,2664,busn,Insured
32238,746,2119,busn,Provider
32239,747,635,prsn,clmt
32240,747,1236,busn,Insured
32241,747,2755,busn,Provider
32242,748,2601,prsn,clmt
32243,748,807,busn,Insured
32244,748,219,busn,Provider
32245,749,135,prsn,clmt
32246,749,1184,busn,Insured
32247,749,2686,busn,Provider
32248,750,849,prsn,clmt
32249,750,2072,busn,Insured
32250,750,1127,busn,Provider
32251,751,127,prsn,clmt
32252,751,862,busn,Insured
32253,751,2787,busn,Provider
32254,752,486,prsn,clmt
32255,752,2496,busn,Insured
32256,752,2719,busn,Provider
32257,753,137,prsn,clmt
32258,753,2591,busn,Insured
32259,753,356,busn,Provider
32260,754,2853,prsn,clmt
32261,754,718,busn,Insured
32262,754,2694,busn,Provider
32263,755,593,prsn,clmt
32264,755,1234,busn,Insured
32265,755,1699,busn,Provider
32266,756,667,prsn,clmt
32267,756,1382,busn,Insured
32268,756,1914,busn,Provider
32269,757,1606,prsn,clmt
32270,757,1530,busn,Insured
32271,757,1651,busn,Provider
32272,758,1281,prsn,clmt
32273,758,1906,busn,Insured
32274,758,92,busn,Provider
32275,759,488,prsn,clmt
32276,759,787,busn,Insured
32277,759,2456,busn,Provider
32278,760,2827,prsn,clmt
32279,760,1280,busn,Insured
32280,760,2233,busn,Provider
32281,761,1415,prsn,clmt
32282,761,1713,busn,Insured
32283,761,74,busn,Provider
32284,762,1553,prsn,clmt
32285,762,1250,busn,Insured
32286,762,1008,busn,Provider
32287,763,1147,prsn,clmt
32288,763,597,busn,Insured
32289,763,798,busn,Provider
32290,764,2196,prsn,clmt
32291,764,2691,busn,Insured
32292,764,1425,busn,Provider
32293,765,1408,prsn,clmt
32294,765,2346,busn,Insured
32295,765,472,busn,Provider
32296,766,2239,prsn,clmt
32297,766,2359,busn,Insured
32298,766,2904,busn,Provider
32299,767,1107,prsn,clmt
32300,767,2249,busn,Insured
32301,767,2262,busn,Provider
32302,768,1838,prsn,clmt
32303,768,2500,busn,Insured
32304,768,1823,busn,Provider
32305,769,547,prsn,clmt
32306,769,1122,busn,Insured
32307,769,1567,busn,Provider
32308,770,1308,prsn,clmt
32309,770,1995,busn,Insured
32310,770,1604,busn,Provider
32311,771,2165,prsn,clmt
32312,771,444,busn,Insured
32313,771,44,busn,Provider
32314,772,1422,prsn,clmt
32315,772,597,busn,Insured
32316,772,2120,busn,Provider
32317,773,2553,prsn,clmt
32318,773,884,busn,Insured
32319,773,793,busn,Provider
32320,774,1475,prsn,clmt
32321,774,241,busn,Insured
32322,774,958,busn,Provider
32323,775,2927,prsn,clmt
32324,775,1939,busn,Insured
32325,775,2677,busn,Provider
32326,776,2708,prsn,clmt
32327,776,2504,busn,Insured
32328,776,1466,busn,Provider
32329,777,1722,prsn,clmt
32330,777,111,busn,Insured
32331,777,1906,busn,Provider
32332,778,2452,prsn,clmt
32333,778,1050,busn,Insured
32334,778,2174,busn,Provider
32335,779,825,prsn,clmt
32336,779,2254,busn,Insured
32337,779,631,busn,Provider
32338,780,1991,prsn,clmt
32339,780,1975,busn,Insured
32340,780,1501,busn,Provider
32341,781,2010,prsn,clmt
32342,781,1243,busn,Insured
32343,781,225,busn,Provider
32344,782,1335,prsn,clmt
32345,782,292,busn,Insured
32346,782,574,busn,Provider
32347,783,316,prsn,clmt
32348,783,2508,busn,Insured
32349,783,1697,busn,Provider
32350,784,305,prsn,clmt
32351,784,2832,busn,Insured
32352,784,525,busn,Provider
32353,785,2521,prsn,clmt
32354,785,695,busn,Insured
32355,785,872,busn,Provider
32356,786,1548,prsn,clmt
32357,786,65,busn,Insured
32358,786,887,busn,Provider
32359,787,2802,prsn,clmt
32360,787,1925,busn,Insured
32361,787,990,busn,Provider
32362,788,2648,prsn,clmt
32363,788,92,busn,Insured
32364,788,656,busn,Provider
32365,789,2006,prsn,clmt
32366,789,1311,busn,Insured
32367,789,1802,busn,Provider
32368,790,2961,prsn,clmt
32369,790,2918,busn,Insured
32370,790,122,busn,Provider
32371,791,1988,prsn,clmt
32372,791,1862,busn,Insured
32373,791,1338,busn,Provider
32374,792,1533,prsn,clmt
32375,792,1100,busn,Insured
32376,792,1397,busn,Provider
32377,793,2164,prsn,clmt
32378,793,2814,busn,Insured
32379,793,1174,busn,Provider
32380,794,2029,prsn,clmt
32381,794,489,busn,Insured
32382,794,2897,busn,Provider
32383,795,692,prsn,clmt
32384,795,1156,busn,Insured
32385,795,10,busn,Provider
32386,796,103,prsn,clmt
32387,796,53,busn,Insured
32388,796,500,busn,Provider
32389,797,1071,prsn,clmt
32390,797,431,busn,Insured
32391,797,1414,busn,Provider
32392,798,1785,prsn,clmt
32393,798,931,busn,Insured
32394,798,254,busn,Provider
32395,799,2060,prsn,clmt
32396,799,1060,busn,Insured
32397,799,1941,busn,Provider
32398,800,961,prsn,clmt
32399,800,2811,busn,Insured
32400,800,553,busn,Provider
32401,801,1201,prsn,clmt
32402,801,2636,busn,Insured
32403,801,2658,busn,Provider
32404,802,2638,prsn,clmt
32405,802,666,busn,Insured
32406,802,747,busn,Provider
32407,803,733,prsn,clmt
32408,803,1647,busn,Insured
32409,803,550,busn,Provider
32410,804,1958,prsn,clmt
32411,804,2436,busn,Insured
32412,804,370,busn,Provider
32413,805,2222,prsn,clmt
32414,805,2178,busn,Insured
32415,805,1060,busn,Provider
32416,806,1351,prsn,clmt
32417,806,385,busn,Insured
32418,806,255,busn,Provider
32419,807,1256,prsn,clmt
32420,807,787,busn,Insured
32421,807,1869,busn,Provider
32422,808,932,prsn,clmt
32423,808,656,busn,Insured
32424,808,744,busn,Provider
32425,809,1953,prsn,clmt
32426,809,749,busn,Insured
32427,809,2332,busn,Provider
32428,810,1828,prsn,clmt
32429,810,358,busn,Insured
32430,810,2464,busn,Provider
32431,811,192,prsn,clmt
32432,811,1197,busn,Insured
32433,811,1338,busn,Provider
32434,812,682,prsn,clmt
32435,812,549,busn,Insured
32436,812,84,busn,Provider
32437,813,150,prsn,clmt
32438,813,1804,busn,Insured
32439,813,720,busn,Provider
32440,814,898,prsn,clmt
32441,814,81,busn,Insured
32442,814,362,busn,Provider
32443,815,78,prsn,clmt
32444,815,878,busn,Insured
32445,815,789,busn,Provider
32446,816,2485,prsn,clmt
32447,816,515,busn,Insured
32448,816,1093,busn,Provider
32449,817,1749,prsn,clmt
32450,817,2063,busn,Insured
32451,817,2233,busn,Provider
32452,818,2315,prsn,clmt
32453,818,802,busn,Insured
32454,818,497,busn,Provider
32455,819,1446,prsn,clmt
32456,819,2296,busn,Insured
32457,819,95,busn,Provider
32458,820,602,prsn,clmt
32459,820,2808,busn,Insured
32460,820,121,busn,Provider
32461,821,208,prsn,clmt
32462,821,264,busn,Insured
32463,821,2002,busn,Provider
32464,822,1533,prsn,clmt
32465,822,58,busn,Insured
32466,822,2919,busn,Provider
32467,823,1793,prsn,clmt
32468,823,2000,busn,Insured
32469,823,1567,busn,Provider
32470,824,1345,prsn,clmt
32471,824,1395,busn,Insured
32472,824,1174,busn,Provider
32473,825,1033,prsn,clmt
32474,825,2,busn,Insured
32475,825,1425,busn,Provider
32476,826,1473,prsn,clmt
32477,826,302,busn,Insured
32478,826,2896,busn,Provider
32479,827,869,prsn,clmt
32480,827,823,busn,Insured
32481,827,2424,busn,Provider
32482,828,57,prsn,clmt
32483,828,777,busn,Insured
32484,828,292,busn,Provider
32485,829,2802,prsn,clmt
32486,829,1595,busn,Insured
32487,829,1671,busn,Provider
32488,830,1798,prsn,clmt
32489,830,2686,busn,Insured
32490,830,1932,busn,Provider
32491,831,1736,prsn,clmt
32492,831,939,busn,Insured
32493,831,2806,busn,Provider
32494,832,871,prsn,clmt
32495,832,2434,busn,Insured
32496,832,887,busn,Provider
32497,833,1413,prsn,clmt
32498,833,2221,busn,Insured
32499,833,2830,busn,Provider
32500,834,1985,prsn,clmt
32501,834,227,busn,Insured
32502,834,2372,busn,Provider
32503,835,2962,prsn,clmt
32504,835,2681,busn,Insured
32505,835,566,busn,Provider
32506,836,1607,prsn,clmt
32507,836,2821,busn,Insured
32508,836,154,busn,Provider
32509,837,2640,prsn,clmt
32510,837,2304,busn,Insured
32511,837,1987,busn,Provider
32512,838,1482,prsn,clmt
32513,838,1652,busn,Insured
32514,838,74,busn,Provider
32515,839,858,prsn,clmt
32516,839,2897,busn,Insured
32517,839,2759,busn,Provider
32518,840,2951,prsn,clmt
32519,840,1191,busn,Insured
32520,840,978,busn,Provider
32521,841,1981,prsn,clmt
32522,841,2550,busn,Insured
32523,841,2923,busn,Provider
32524,842,1075,prsn,clmt
32525,842,2364,busn,Insured
32526,842,2428,busn,Provider
32527,843,2022,prsn,clmt
32528,843,1827,busn,Insured
32529,843,2804,busn,Provider
32530,844,137,prsn,clmt
32531,844,538,busn,Insured
32532,844,896,busn,Provider
32533,845,1185,prsn,clmt
32534,845,2427,busn,Insured
32535,845,931,busn,Provider
32536,846,959,prsn,clmt
32537,846,2238,busn,Insured
32538,846,243,busn,Provider
32539,847,2201,prsn,clmt
32540,847,2262,busn,Insured
32541,847,156,busn,Provider
32542,848,1163,prsn,clmt
32543,848,1549,busn,Insured
32544,848,1417,busn,Provider
32545,849,956,prsn,clmt
32546,849,1173,busn,Insured
32547,849,1204,busn,Provider
32548,850,135,prsn,clmt
32549,850,2947,busn,Insured
32550,850,1018,busn,Provider
32551,851,2229,prsn,clmt
32552,851,2250,busn,Insured
32553,851,1242,busn,Provider
32554,852,2774,prsn,clmt
32555,852,2719,busn,Insured
32556,852,2551,busn,Provider
32557,853,1838,prsn,clmt
32558,853,1395,busn,Insured
32559,853,2040,busn,Provider
32560,854,1475,prsn,clmt
32561,854,1849,busn,Insured
32562,854,126,busn,Provider
32563,855,727,prsn,clmt
32564,855,2262,busn,Insured
32565,855,134,busn,Provider
32566,856,2386,prsn,clmt
32567,856,566,busn,Insured
32568,856,666,busn,Provider
32569,857,87,prsn,clmt
32570,857,2384,busn,Insured
32571,857,1626,busn,Provider
32572,858,2546,prsn,clmt
32573,858,539,busn,Insured
32574,858,227,busn,Provider
32575,859,813,prsn,clmt
32576,859,1775,busn,Insured
32577,859,1862,busn,Provider
32578,860,2584,prsn,clmt
32579,860,1544,busn,Insured
32580,860,2939,busn,Provider
32581,861,1850,prsn,clmt
32582,861,2210,busn,Insured
32583,861,1511,busn,Provider
32584,862,2201,prsn,clmt
32585,862,1452,busn,Insured
32586,862,11,busn,Provider
32587,863,2603,prsn,clmt
32588,863,1634,busn,Insured
32589,863,1801,busn,Provider
32590,864,249,prsn,clmt
32591,864,801,busn,Insured
32592,864,377,busn,Provider
32593,865,2401,prsn,clmt
32594,865,2326,busn,Insured
32595,865,207,busn,Provider
32596,866,2353,prsn,clmt
32597,866,1888,busn,Insured
32598,866,1822,busn,Provider
32599,867,2438,prsn,clmt
32600,867,1044,busn,Insured
32601,867,2749,busn,Provider
32602,868,2338,prsn,clmt
32603,868,2124,busn,Insured
32604,868,1362,busn,Provider
32605,869,725,prsn,clmt
32606,869,1776,busn,Insured
32607,869,2262,busn,Provider
32608,870,2725,prsn,clmt
32609,870,1804,busn,Insured
32610,870,1924,busn,Provider
32611,871,904,prsn,clmt
32612,871,741,busn,Insured
32613,871,2082,busn,Provider
32614,872,1289,prsn,clmt
32615,872,283,busn,Insured
32616,872,1014,busn,Provider
32617,873,1897,prsn,clmt
32618,873,385,busn,Insured
32619,873,978,busn,Provider
32620,874,1198,prsn,clmt
32621,874,1841,busn,Insured
32622,874,1993,busn,Provider
32623,875,1880,prsn,clmt
32624,875,2540,busn,Insured
32625,875,1242,busn,Provider
32626,876,208,prsn,clmt
32627,876,990,busn,Insured
32628,876,324,busn,Provider
32629,877,1383,prsn,clmt
32630,877,230,busn,Insured
32631,877,21,busn,Provider
32632,878,2704,prsn,clmt
32633,878,21,busn,Insured
32634,878,10,busn,Provider
32635,879,395,prsn,clmt
32636,879,693,busn,Insured
32637,879,1325,busn,Provider
32638,880,2468,prsn,clmt
32639,880,2226,busn,Insured
32640,880,2920,busn,Provider
32641,881,342,prsn,clmt
32642,881,454,busn,Insured
32643,881,1344,busn,Provider
32644,882,2029,prsn,clmt
32645,882,705,busn,Insured
32646,882,2036,busn,Provider
32647,883,476,prsn,clmt
32648,883,2381,busn,Insured
32649,883,2617,busn,Provider
32650,884,200,prsn,clmt
32651,884,1538,busn,Insured
32652,884,463,busn,Provider
32653,885,1602,prsn,clmt
32654,885,1420,busn,Insured
32655,885,674,busn,Provider
32656,886,1566,prsn,clmt
32657,886,2794,busn,Insured
32658,886,1106,busn,Provider
32659,887,1372,prsn,clmt
32660,887,2933,busn,Insured
32661,887,1584,busn,Provider
32662,888,458,prsn,clmt
32663,888,2437,busn,Insured
32664,888,2448,busn,Provider
32665,889,763,prsn,clmt
32666,889,1696,busn,Insured
32667,889,2620,busn,Provider
32668,890,1210,prsn,clmt
32669,890,1299,busn,Insured
32670,890,364,busn,Provider
32671,891,2506,prsn,clmt
32672,891,2368,busn,Insured
32673,891,1008,busn,Provider
32674,892,993,prsn,clmt
32675,892,1961,busn,Insured
32676,892,345,busn,Provider
32677,893,1193,prsn,clmt
32678,893,1386,busn,Insured
32679,893,2047,busn,Provider
32680,894,125,prsn,clmt
32681,894,2933,busn,Insured
32682,894,874,busn,Provider
32683,895,1996,prsn,clmt
32684,895,1925,busn,Insured
32685,895,1130,busn,Provider
32686,896,2715,prsn,clmt
32687,896,2976,busn,Insured
32688,896,1039,busn,Provider
32689,897,555,prsn,clmt
32690,897,291,busn,Insured
32691,897,1326,busn,Provider
32692,898,540,prsn,clmt
32693,898,1083,busn,Insured
32694,898,1902,busn,Provider
32695,899,602,prsn,clmt
32696,899,2611,busn,Insured
32697,899,1206,busn,Provider
32698,900,966,prsn,clmt
32699,900,2783,busn,Insured
32700,900,2080,busn,Provider
32701,901,1224,prsn,clmt
32702,901,1339,busn,Insured
32703,901,785,busn,Provider
32704,902,784,prsn,clmt
32705,902,2036,busn,Insured
32706,902,1939,busn,Provider
32707,903,2797,prsn,clmt
32708,903,1036,busn,Insured
32709,903,336,busn,Provider
32710,904,920,prsn,clmt
32711,904,1387,busn,Insured
32712,904,1617,busn,Provider
32713,905,941,prsn,clmt
32714,905,1039,busn,Insured
32715,905,2705,busn,Provider
32716,906,1290,prsn,clmt
32717,906,1216,busn,Insured
32718,906,242,busn,Provider
32719,907,351,prsn,clmt
32720,907,2706,busn,Insured
32721,907,2126,busn,Provider
32722,908,831,prsn,clmt
32723,908,1378,busn,Insured
32724,908,206,busn,Provider
32725,909,374,prsn,clmt
32726,909,2540,busn,Insured
32727,909,415,busn,Provider
32728,910,1669,prsn,clmt
32729,910,23,busn,Insured
32730,910,2423,busn,Provider
32731,911,384,prsn,clmt
32732,911,1904,busn,Insured
32733,911,442,busn,Provider
32734,912,2525,prsn,clmt
32735,912,201,busn,Insured
32736,912,2674,busn,Provider
32737,913,1867,prsn,clmt
32738,913,2669,busn,Insured
32739,913,28,busn,Provider
32740,914,691,prsn,clmt
32741,914,443,busn,Insured
32742,914,716,busn,Provider
32743,915,2501,prsn,clmt
32744,915,72,busn,Insured
32745,915,2810,busn,Provider
32746,916,1782,prsn,clmt
32747,916,2007,busn,Insured
32748,916,1887,busn,Provider
32749,917,2335,prsn,clmt
32750,917,1149,busn,Insured
32751,917,1278,busn,Provider
32752,918,2064,prsn,clmt
32753,918,717,busn,Insured
32754,918,2126,busn,Provider
32755,919,903,prsn,clmt
32756,919,1587,busn,Insured
32757,919,93,busn,Provider
32758,920,599,prsn,clmt
32759,920,2558,busn,Insured
32760,920,2336,busn,Provider
32761,921,2981,prsn,clmt
32762,921,1546,busn,Insured
32763,921,2414,busn,Provider
32764,922,2484,prsn,clmt
32765,922,1755,busn,Insured
32766,922,958,busn,Provider
32767,923,346,prsn,clmt
32768,923,1002,busn,Insured
32769,923,2830,busn,Provider
32770,924,2003,prsn,clmt
32771,924,2763,busn,Insured
32772,924,707,busn,Provider
32773,925,485,prsn,clmt
32774,925,370,busn,Insured
32775,925,1786,busn,Provider
32776,926,2211,prsn,clmt
32777,926,2027,busn,Insured
32778,926,1511,busn,Provider
32779,927,1639,prsn,clmt
32780,927,526,busn,Insured
32781,927,815,busn,Provider
32782,928,944,prsn,clmt
32783,928,2507,busn,Insured
32784,928,930,busn,Provider
32785,929,639,prsn,clmt
32786,929,145,busn,Insured
32787,929,2410,busn,Provider
32788,930,578,prsn,clmt
32789,930,117,busn,Insured
32790,930,994,busn,Provider
32791,931,110,prsn,clmt
32792,931,2724,busn,Insured
32793,931,1564,busn,Provider
32794,932,17,prsn,clmt
32795,932,1913,busn,Insured
32796,932,1672,busn,Provider
32797,933,811,prsn,clmt
32798,933,133,busn,Insured
32799,933,2623,busn,Provider
32800,934,1588,prsn,clmt
32801,934,1294,busn,Insured
32802,934,1128,busn,Provider
32803,935,598,prsn,clmt
32804,935,1002,busn,Insured
32805,935,2664,busn,Provider
32806,936,2566,prsn,clmt
32807,936,37,busn,Insured
32808,936,554,busn,Provider
32809,937,256,prsn,clmt
32810,937,2141,busn,Insured
32811,937,2891,busn,Provider
32812,938,236,prsn,clmt
32813,938,656,busn,Insured
32814,938,2215,busn,Provider
32815,939,2392,prsn,clmt
32816,939,2585,busn,Insured
32817,939,2168,busn,Provider
32818,940,2313,prsn,clmt
32819,940,1020,busn,Insured
32820,940,2747,busn,Provider
32821,941,912,prsn,clmt
32822,941,1597,busn,Insured
32823,941,2130,busn,Provider
32824,942,621,prsn,clmt
32825,942,823,busn,Insured
32826,942,2520,busn,Provider
32827,943,846,prsn,clmt
32828,943,1055,busn,Insured
32829,943,1063,busn,Provider
32830,944,2425,prsn,clmt
32831,944,2821,busn,Insured
32832,944,2942,busn,Provider
32833,945,2898,prsn,clmt
32834,945,38,busn,Insured
32835,945,2052,busn,Provider
32836,946,2853,prsn,clmt
32837,946,1552,busn,Insured
32838,946,2380,busn,Provider
32839,947,701,prsn,clmt
32840,947,2420,busn,Insured
32841,947,874,busn,Provider
32842,948,2638,prsn,clmt
32843,948,2514,busn,Insured
32844,948,1144,busn,Provider
32845,949,2240,prsn,clmt
32846,949,1938,busn,Insured
32847,949,1334,busn,Provider
32848,950,1683,prsn,clmt
32849,950,801,busn,Insured
32850,950,2423,busn,Provider
32851,951,1905,prsn,clmt
32852,951,798,busn,Insured
32853,951,2677,busn,Provider
32854,952,279,prsn,clmt
32855,952,1916,busn,Insured
32856,952,1841,busn,Provider
32857,953,2169,prsn,clmt
32858,953,2711,busn,Insured
32859,953,1291,busn,Provider
32860,954,1836,prsn,clmt
32861,954,2493,busn,Insured
32862,954,527,busn,Provider
32863,955,1442,prsn,clmt
32864,955,1303,busn,Insured
32865,955,499,busn,Provider
32866,956,1443,prsn,clmt
32867,956,2219,busn,Insured
32868,956,1625,busn,Provider
32869,957,2877,prsn,clmt
32870,957,2885,busn,Insured
32871,957,736,busn,Provider
32872,958,726,prsn,clmt
32873,958,344,busn,Insured
32874,958,1525,busn,Provider
32875,959,2764,prsn,clmt
32876,959,21,busn,Insured
32877,959,2933,busn,Provider
32878,960,619,prsn,clmt
32879,960,2261,busn,Insured
32880,960,493,busn,Provider
32881,961,871,prsn,clmt
32882,961,750,busn,Insured
32883,961,1913,busn,Provider
32884,962,2182,prsn,clmt
32885,962,1509,busn,Insured
32886,962,2671,busn,Provider
32887,963,2335,prsn,clmt
32888,963,800,busn,Insured
32889,963,1955,busn,Provider
32890,964,1694,prsn,clmt
32891,964,1360,busn,Insured
32892,964,2149,busn,Provider
32893,965,2020,prsn,clmt
32894,965,1325,busn,Insured
32895,965,2913,busn,Provider
32896,966,1030,prsn,clmt
32897,966,2705,busn,Insured
32898,966,1068,busn,Provider
32899,967,2883,prsn,clmt
32900,967,2291,busn,Insured
32901,967,1070,busn,Provider
32902,968,662,prsn,clmt
32903,968,2364,busn,Insured
32904,968,2291,busn,Provider
32905,969,2454,prsn,clmt
32906,969,1921,busn,Insured
32907,969,2885,busn,Provider
32908,970,2312,prsn,clmt
32909,970,201,busn,Insured
32910,970,1263,busn,Provider
32911,971,1497,prsn,clmt
32912,971,1376,busn,Insured
32913,971,1564,busn,Provider
32914,972,1767,prsn,clmt
32915,972,184,busn,Insured
32916,972,1195,busn,Provider
32917,973,1117,prsn,clmt
32918,973,2379,busn,Insured
32919,973,1805,busn,Provider
32920,974,1905,prsn,clmt
32921,974,634,busn,Insured
32922,974,1887,busn,Provider
32923,975,894,prsn,clmt
32924,975,702,busn,Insured
32925,975,2009,busn,Provider
32926,976,492,prsn,clmt
32927,976,1936,busn,Insured
32928,976,42,busn,Provider
32929,977,1102,prsn,clmt
32930,977,1781,busn,Insured
32931,977,1561,busn,Provider
32932,978,1203,prsn,clmt
32933,978,410,busn,Insured
32934,978,2641,busn,Provider
32935,979,1648,prsn,clmt
32936,979,1072,busn,Insured
32937,979,269,busn,Provider
32938,980,2715,prsn,clmt
32939,980,2262,busn,Insured
32940,980,2287,busn,Provider
32941,981,2442,prsn,clmt
32942,981,2472,busn,Insured
32943,981,169,busn,Provider
32944,982,583,prsn,clmt
32945,982,122,busn,Insured
32946,982,845,busn,Provider
32947,983,2029,prsn,clmt
32948,983,2591,busn,Insured
32949,983,627,busn,Provider
32950,984,2162,prsn,clmt
32951,984,2250,busn,Insured
32952,984,1502,busn,Provider
32953,985,476,prsn,clmt
32954,985,1467,busn,Insured
32955,985,779,busn,Provider
32956,986,2313,prsn,clmt
32957,986,800,busn,Insured
32958,986,453,busn,Provider
32959,987,2883,prsn,clmt
32960,987,2364,busn,Insured
32961,987,1078,busn,Provider
32962,988,1513,prsn,clmt
32963,988,2326,busn,Insured
32964,988,2505,busn,Provider
32965,989,551,prsn,clmt
32966,989,1181,busn,Insured
32967,989,2083,busn,Provider
32968,990,1754,prsn,clmt
32969,990,680,busn,Insured
32970,990,1487,busn,Provider
32971,991,1526,prsn,clmt
32972,991,2458,busn,Insured
32973,991,1470,busn,Provider
32974,992,2708,prsn,clmt
32975,992,28,busn,Insured
32976,992,897,busn,Provider
32977,993,2733,prsn,clmt
32978,993,2811,busn,Insured
32979,993,2319,busn,Provider
32980,994,2730,prsn,clmt
32981,994,1130,busn,Insured
32982,994,1414,busn,Provider
32983,995,1066,prsn,clmt
32984,995,2532,busn,Insured
32985,995,460,busn,Provider
32986,996,1853,prsn,clmt
32987,996,1578,busn,Insured
32988,996,1670,busn,Provider
32989,997,3,prsn,clmt
32990,997,1379,busn,Insured
32991,997,1416,busn,Provider
32992,998,1059,prsn,clmt
32993,998,2666,busn,Insured
32994,998,1800,busn,Provider
32995,999,1087,prsn,clmt
32996,999,2204,busn,Insured
32997,999,1367,busn,Provider
32998,1000,275,prsn,clmt
32999,1000,1574,busn,Insured
33000,1000,2734,busn,Provider
